Date,Time,Ax,Ay,Az,Gx,Gy,Gz
2025-02-07,00:12:18:00,0.03,-0.67,0.78,-0.61,0.31,-0.18
2025-02-07,00:12:19:00,0.03,-0.67,0.78,-0.31,0.31,-0.24
2025-02-07,00:12:19:00,0.03,-0.67,0.78,-0.24,0.31,-0.18
2025-02-07,00:12:20:00,0.03,-0.67,0.78,-0.18,0.37,-0.24
2025-02-07,00:12:20:00,0.03,-0.67,0.78,-0.12,0.37,-0.24
2025-02-07,00:12:21:00,0.03,-0.67,0.78,-0.24,0.37,-0.18
2025-02-07,00:12:21:00,0.03,-0.67,0.78,-0.18,0.37,-0.24
2025-02-07,00:12:22:00,0.02,-0.66,0.78,-0.55,0.31,-0.18
2025-02-07,00:12:22:00,0.03,-0.67,0.78,-0.73,0.43,-0.12
2025-02-07,00:12:23:00,0.03,-0.66,0.78,-0.49,0.31,-0.18
2025-02-07,00:12:23:00,0.03,-0.67,0.78,-0.18,0.37,-0.24
2025-02-07,00:12:24:00,0.03,-0.67,0.78,-0.37,0.37,-0.18
2025-02-07,00:12:24:00,0.03,-0.66,0.78,-0.24,0.37,-0.18
2025-02-07,00:12:25:00,0.03,-0.67,0.78,-0.12,0.37,-0.18
2025-02-07,00:12:25:00,0.03,-0.67,0.78,-0.24,0.31,-0.24
2025-02-07,00:12:26:00,0.03,-0.67,0.78,-0.37,0.37,-0.18
2025-02-07,00:12:26:00,0.03,-0.67,0.78,0.12,0.37,-0.18
2025-02-07,00:12:27:00,0.03,-0.67,0.78,-0.18,0.31,-0.18
2025-02-07,00:12:27:00,0.03,-0.67,0.78,-0.24,0.37,-0.18
2025-02-07,00:12:28:00,0.03,-0.67,0.77,0.24,0.31,-0.31
2025-02-07,00:12:28:00,0.03,-0.67,0.78,0.12,0.37,-0.24
2025-02-07,00:12:29:00,-0.26,-0.73,0.68,106.38,106.99,34.42
2025-02-07,00:12:29:00,-0.24,0.89,-0.22,79.41,46.75,132.45
2025-02-07,00:12:30:00,-0.38,0.28,0.33,-198.18,-63.29,-26.73
2025-02-07,00:12:30:00,-0.03,-0.98,-0.32,-1.4,5.25,-10.13
2025-02-07,00:12:31:00,0.19,0.34,1.52,-102.78,47.91,-4.58
2025-02-07,00:12:31:00,-0.27,-0.77,-0.29,-440.49,225.4,-177.0
2025-02-07,00:12:32:00,-0.13,-0.52,0.42,924.68,-43.95,77.09
2025-02-07,00:12:32:00,0.01,-0.02,0.45,-404.79,-64.51,-123.17
2025-02-07,00:12:33:00,-0.88,0.14,-0.47,-3.17,-79.53,-6.29
2025-02-07,00:12:33:00,0.22,-0.16,1.06,4.76,132.2,-25.21
2025-02-07,00:12:34:00,0.11,-0.69,0.76,-3.91,5.49,3.85
2025-02-07,00:12:34:00,-0.02,-0.75,0.7,0.98,-2.62,-2.32
2025-02-07,00:12:35:00,-0.02,-0.75,0.7,-1.16,1.4,-0.43
2025-02-07,00:12:35:00,-0.01,-0.75,0.69,-0.61,0.61,-0.61
2025-02-07,00:12:36:00,-0.01,-0.76,0.69,-0.49,0.55,-0.55
2025-02-07,00:12:36:00,-0.01,-0.76,0.69,-0.37,0.43,-0.49
2025-02-07,00:12:37:00,-0.01,-0.76,0.69,-1.04,0.49,-0.49
2025-02-07,00:12:37:00,-0.01,-0.76,0.68,-0.18,0.49,-0.49
2025-02-07,00:12:38:00,-0.01,-0.76,0.68,-0.31,0.37,-0.37
2025-02-07,00:12:38:00,-0.01,-0.76,0.68,-0.24,0.43,-0.37
2025-02-07,00:12:39:00,-0.01,-0.76,0.68,-0.31,0.37,-0.61
2025-02-07,00:12:39:00,-0.01,-0.76,0.68,-0.06,0.24,-0.24
2025-02-07,00:12:40:00,-0.01,-0.76,0.68,-0.24,0.37,-0.37
2025-02-07,00:12:40:00,-0.01,-0.76,0.68,-0.24,0.37,-0.31
2025-02-07,00:12:41:00,-0.0,-0.77,0.68,-0.18,0.37,-0.24
2025-02-07,00:12:41:00,-0.0,-0.76,0.68,-0.24,0.31,-0.24
2025-02-07,00:12:42:00,-0.0,-0.76,0.68,-0.24,0.37,-0.24
2025-02-07,00:12:42:00,-0.0,-0.76,0.68,-0.31,0.37,-0.24
2025-02-07,00:12:43:00,-0.0,-0.77,0.68,-0.18,0.37,-0.24
2025-02-07,00:12:43:00,-0.0,-0.77,0.68,-0.18,0.37,-0.24
2025-02-07,00:12:44:00,-0.0,-0.76,0.68,-0.24,0.31,-0.31
2025-02-07,00:12:44:00,-0.0,-0.77,0.68,-0.24,0.37,-0.24
2025-02-07,00:12:45:00,-0.0,-0.77,0.68,-0.24,0.37,-0.24
2025-02-07,00:12:45:00,-0.0,-0.77,0.68,-0.18,0.37,-0.18
2025-02-07,00:12:46:00,-0.0,-0.77,0.68,-0.24,0.31,-0.24
2025-02-07,00:12:46:00,-0.0,-0.77,0.68,-0.24,0.37,-0.24
2025-02-07,00:12:47:00,-0.0,-0.77,0.68,-0.18,0.37,-0.24
2025-02-07,00:12:47:00,0.0,-0.77,0.68,-0.24,0.37,-0.24
2025-02-07,00:12:48:00,0.0,-0.77,0.68,-0.24,0.37,-0.24
2025-02-07,00:12:48:00,0.0,-0.77,0.68,-0.18,0.37,-0.24
2025-02-07,00:12:49:00,0.0,-0.77,0.68,-0.24,0.37,-0.24
2025-02-07,00:12:49:00,0.0,-0.77,0.68,-0.24,0.31,-0.24
2025-02-07,00:12:50:00,0.0,-0.77,0.68,-0.18,0.37,-0.18
2025-02-07,00:12:50:00,0.0,-0.77,0.68,-0.24,0.31,-0.24
2025-02-07,00:12:51:00,0.0,-0.77,0.68,-0.18,0.37,-0.18
2025-02-07,00:12:51:00,0.0,-0.77,0.68,-0.24,0.37,-0.24
2025-02-07,00:12:52:00,0.0,-0.77,0.68,-0.24,0.37,-0.24
2025-02-07,00:12:52:00,0.0,-0.77,0.68,-0.24,0.37,-0.18
2025-02-07,00:12:53:00,0.0,-0.77,0.68,-0.18,0.31,-0.18
2025-02-07,00:12:53:00,0.0,-0.77,0.68,-0.18,0.37,-0.18
2025-02-07,00:12:54:00,0.0,-0.77,0.68,-0.18,0.37,-0.24
2025-02-07,00:12:54:00,0.0,-0.77,0.68,-0.18,0.31,-0.24
2025-02-07,00:12:55:00,0.0,-0.77,0.68,-0.24,0.31,-0.24
2025-02-07,00:12:55:00,0.0,-0.77,0.68,-0.18,0.31,-0.24
2025-02-07,00:12:56:00,0.0,-0.77,0.68,-0.18,0.37,-0.24
2025-02-07,00:12:56:00,0.0,-0.77,0.68,-0.18,0.37,-0.24
2025-02-07,00:12:57:00,0.0,-0.77,0.68,-0.24,0.37,-0.31
2025-02-07,00:12:57:00,0.0,-0.77,0.68,-0.18,0.37,-0.24
2025-02-07,00:12:58:00,0.0,-0.77,0.68,-0.31,0.43,-0.24
2025-02-07,00:12:58:00,0.0,-0.77,0.68,-0.24,0.31,-0.18
2025-02-07,00:12:59:00,0.0,-0.77,0.68,-0.18,0.37,-0.24
2025-02-07,00:12:59:00,0.0,-0.77,0.68,-0.18,0.31,-0.18
2025-02-07,00:13:00:00,0.0,-0.77,0.68,-0.24,0.37,-0.31
2025-02-07,00:13:00:00,0.0,-0.77,0.68,-0.24,0.37,-0.18
2025-02-07,00:13:01:00,0.0,-0.76,0.68,0.06,0.24,-0.24
2025-02-07,00:13:01:00,0.0,-0.77,0.68,-0.24,0.37,-0.18
2025-02-07,00:13:02:00,0.0,-0.77,0.68,-0.24,0.37,-0.18
2025-02-07,00:13:02:00,0.0,-0.77,0.68,-0.18,0.31,-0.24
2025-02-07,00:13:03:00,0.01,-0.77,0.68,-0.18,0.31,-0.24
2025-02-07,00:13:03:00,0.0,-0.77,0.68,-0.24,0.37,-0.18
2025-02-07,00:13:04:00,0.01,-0.77,0.68,-0.18,0.31,-0.24
2025-02-07,00:13:04:00,0.0,-0.77,0.68,-0.24,0.37,-0.18
2025-02-07,00:13:05:00,0.01,-0.77,0.68,-0.18,0.37,-0.24
2025-02-07,00:13:05:00,0.01,-0.77,0.68,-0.18,0.37,-0.18
2025-02-07,00:13:06:00,0.0,-0.77,0.68,-0.24,0.31,-0.18
2025-02-07,00:13:06:00,0.0,-0.77,0.68,-0.18,0.31,-0.24
2025-02-07,00:13:07:00,0.0,-0.77,0.68,-0.18,0.37,-0.24
2025-02-07,00:13:07:00,0.0,-0.77,0.68,-0.18,0.37,-0.18
2025-02-07,00:13:08:00,0.01,-0.77,0.68,-0.24,0.37,-0.18
2025-02-07,00:13:08:00,0.0,-0.77,0.68,-0.18,0.37,-0.31
2025-02-07,00:13:09:00,0.01,-0.77,0.68,-0.18,0.31,-0.24
2025-02-07,00:13:09:00,0.01,-0.77,0.68,-0.18,0.37,-0.18
2025-02-07,00:13:10:00,0.01,-0.77,0.68,-0.18,0.37,-0.31
2025-02-07,00:13:10:00,0.01,-0.77,0.68,-0.24,0.37,-0.18
2025-02-07,00:13:11:00,0.01,-0.77,0.68,-0.24,0.31,-0.18
2025-02-07,00:13:11:00,0.01,-0.77,0.68,-0.18,0.37,-0.18
2025-02-07,00:13:12:00,0.01,-0.77,0.68,-0.18,0.37,-0.24
2025-02-07,00:13:12:00,0.01,-0.77,0.68,-0.24,0.37,-0.18
2025-02-07,00:13:13:00,0.01,-0.77,0.68,-0.18,0.37,-0.18
2025-02-07,00:13:13:00,0.01,-0.77,0.68,-0.18,0.37,-0.31
2025-02-07,00:13:14:00,0.01,-0.77,0.68,-0.18,0.37,-0.18
2025-02-07,00:13:14:00,0.01,-0.77,0.68,-0.24,0.37,-0.24
2025-02-07,00:13:15:00,0.01,-0.77,0.68,-0.24,0.31,-0.18
2025-02-07,00:13:15:00,0.01,-0.77,0.68,-0.18,0.31,-0.18
2025-02-07,00:13:16:00,0.01,-0.77,0.68,-0.18,0.37,-0.24
2025-02-07,00:13:16:00,0.01,-0.77,0.68,-0.18,0.37,-0.24
2025-02-07,00:13:17:00,0.01,-0.77,0.68,-0.18,0.37,-0.24
2025-02-07,00:13:17:00,0.01,-0.77,0.68,-0.18,0.31,-0.24
2025-02-07,00:13:18:00,0.01,-0.77,0.68,-0.24,0.31,-0.24
2025-02-07,00:13:18:00,0.01,-0.77,0.68,-0.18,0.37,-0.18
2025-02-07,00:13:19:00,0.01,-0.77,0.68,-0.18,0.37,-0.18
2025-02-07,00:13:20:00,0.01,-0.77,0.68,-0.24,0.37,-0.24
2025-02-07,00:13:20:00,0.01,-0.77,0.68,-0.18,0.37,-0.18
2025-02-07,00:13:21:00,0.01,-0.77,0.68,-0.18,0.37,-0.24
2025-02-07,00:13:21:00,0.01,-0.77,0.68,-0.18,0.37,-0.24
2025-02-07,00:13:22:00,0.01,-0.77,0.68,-0.18,0.37,-0.24
2025-02-07,00:13:22:00,0.01,-0.77,0.68,-0.18,0.31,-0.18
2025-02-07,00:13:23:00,0.01,-0.77,0.68,-0.18,0.37,-0.18
2025-02-07,00:13:23:00,0.01,-0.77,0.68,-0.24,0.37,-0.24
2025-02-07,00:13:24:00,0.01,-0.77,0.68,-0.24,0.37,-0.18
2025-02-07,00:13:24:00,0.01,-0.77,0.68,-0.24,0.37,-0.24
2025-02-07,00:13:25:00,0.01,-0.77,0.68,-0.18,0.37,-0.24
2025-02-07,00:13:25:00,0.01,-0.77,0.68,-0.18,0.31,-0.18
2025-02-07,00:13:26:00,0.01,-0.77,0.68,-0.24,0.37,-0.24
2025-02-07,00:13:26:00,0.01,-0.77,0.68,-0.18,0.31,-0.24
2025-02-07,00:13:27:00,0.01,-0.77,0.68,-0.18,0.37,-0.24
2025-02-07,00:13:27:00,0.01,-0.77,0.68,-0.18,0.31,-0.24
2025-02-07,00:13:28:00,0.01,-0.77,0.68,-0.18,0.37,-0.18
2025-02-07,00:13:28:00,0.01,-0.77,0.68,-0.24,0.37,-0.18
2025-02-07,00:13:29:00,0.01,-0.77,0.68,-0.24,0.31,-0.18
2025-02-07,00:13:29:00,0.01,-0.77,0.68,-0.18,0.37,-0.24
2025-02-07,00:13:30:00,0.01,-0.77,0.68,-0.18,0.37,-0.24
2025-02-07,00:13:30:00,0.01,-0.77,0.68,-0.24,0.37,-0.18
2025-02-07,00:13:31:00,0.01,-0.77,0.68,-0.24,0.37,-0.24
2025-02-07,00:13:31:00,0.01,-0.77,0.68,-0.12,0.31,-0.24
2025-02-07,00:13:32:00,0.01,-0.77,0.68,-0.12,0.31,-0.31
2025-02-07,00:13:32:00,0.01,-0.77,0.68,-0.24,0.37,-0.24
2025-02-07,00:13:33:00,0.01,-0.77,0.68,-0.24,0.37,-0.18
2025-02-07,00:13:33:00,0.01,-0.77,0.68,-0.24,0.31,-0.24
2025-02-07,00:13:34:00,0.01,-0.77,0.68,-0.24,0.37,-0.24
2025-02-07,00:13:34:00,0.01,-0.77,0.68,-0.18,0.37,-0.24
2025-02-07,00:13:35:00,0.01,-0.77,0.68,-0.18,0.37,-0.31
2025-02-07,00:13:35:00,0.01,-0.77,0.68,-0.24,0.37,-0.18
2025-02-07,00:13:36:00,0.01,-0.77,0.68,-0.24,0.37,-0.18
2025-02-07,00:13:36:00,0.01,-0.77,0.68,-0.24,0.37,-0.18
2025-02-07,00:13:37:00,0.01,-0.77,0.68,-0.18,0.37,-0.18
2025-02-07,00:13:37:00,0.01,-0.77,0.68,-0.18,0.31,-0.24
2025-02-07,00:13:38:00,0.01,-0.77,0.68,-0.24,0.37,-0.18
2025-02-07,00:13:38:00,0.01,-0.77,0.68,-0.24,0.37,-0.06
2025-02-07,00:13:39:00,0.01,-0.77,0.68,-0.18,0.37,-0.24
2025-02-07,00:13:39:00,0.01,-0.77,0.68,-0.18,0.31,-0.18
2025-02-07,00:13:40:00,0.01,-0.77,0.68,-0.18,0.37,-0.24
2025-02-07,00:13:40:00,0.01,-0.77,0.68,-0.18,0.37,-0.18
2025-02-07,00:13:41:00,0.01,-0.77,0.68,-0.18,0.37,-0.24
2025-02-07,00:13:41:00,0.01,-0.77,0.68,-0.18,0.37,-0.18
2025-02-07,00:13:42:00,0.01,-0.77,0.68,-0.18,0.37,-0.24
2025-02-07,00:13:42:00,0.01,-0.77,0.68,-0.18,0.37,-0.18
2025-02-07,00:13:43:00,0.01,-0.77,0.68,-0.24,0.31,-0.24
2025-02-07,00:13:43:00,0.01,-0.77,0.68,-0.18,0.37,-0.24
2025-02-07,00:13:44:00,0.01,-0.77,0.68,-0.18,0.37,-0.18
2025-02-07,00:13:44:00,0.01,-0.77,0.68,-0.18,0.37,-0.24
2025-02-07,00:13:45:00,0.01,-0.77,0.68,-0.18,0.31,-0.24
2025-02-07,00:13:45:00,0.01,-0.77,0.68,-0.24,0.37,-0.18
2025-02-07,00:13:46:00,0.01,-0.77,0.68,-0.24,0.31,-0.24
2025-02-07,00:13:46:00,0.01,-0.77,0.68,-0.24,0.31,-0.18
2025-02-07,00:13:47:00,0.01,-0.77,0.68,-0.18,0.37,-0.18
2025-02-07,00:13:47:00,0.01,-0.77,0.68,-0.24,0.31,-0.24
2025-02-07,00:13:48:00,0.01,-0.77,0.68,-0.18,0.31,-0.18
2025-02-07,00:13:48:00,0.01,-0.77,0.68,-0.24,0.31,-0.18
2025-02-07,00:13:49:00,0.01,-0.77,0.68,-0.18,0.31,-0.18
2025-02-07,00:13:49:00,0.01,-0.77,0.68,-0.24,0.37,-0.18
2025-02-07,00:13:50:00,0.01,-0.77,0.68,-0.18,0.37,-0.24
2025-02-07,00:13:50:00,0.01,-0.77,0.68,-0.24,0.31,-0.18
2025-02-07,00:13:51:00,0.01,-0.77,0.68,-0.18,0.31,-0.24
2025-02-07,00:13:51:00,0.01,-0.77,0.68,-0.24,0.37,-0.18
2025-02-07,00:13:52:00,0.01,-0.77,0.68,-0.24,0.37,-0.18
2025-02-07,00:13:52:00,0.01,-0.77,0.68,-0.18,0.37,-0.18
2025-02-07,00:13:53:00,0.01,-0.77,0.68,-0.18,0.37,-0.24
2025-02-07,00:13:53:00,0.01,-0.77,0.68,-0.24,0.37,-0.24
2025-02-07,00:13:54:00,0.01,-0.77,0.68,-0.18,0.37,-0.24
2025-02-07,00:13:54:00,0.01,-0.77,0.68,-0.18,0.37,-0.24
2025-02-07,00:13:55:00,0.01,-0.77,0.68,-0.24,0.37,-0.18
2025-02-07,00:13:55:00,0.01,-0.77,0.68,-0.24,0.37,-0.24
2025-02-07,00:13:56:00,0.01,-0.77,0.68,-0.24,0.37,-0.24
2025-02-07,00:13:56:00,0.01,-0.77,0.68,-0.24,0.31,-0.24
2025-02-07,00:13:57:00,0.01,-0.77,0.68,-0.18,0.37,-0.24
2025-02-07,00:13:57:00,0.01,-0.77,0.68,-0.24,0.31,-0.18
2025-02-07,00:13:58:00,0.01,-0.77,0.68,-0.18,0.37,-0.24
2025-02-07,00:13:58:00,0.01,-0.77,0.68,-0.18,0.37,-0.24
2025-02-07,00:13:59:00,0.01,-0.77,0.68,-0.24,0.37,-0.24
2025-02-07,00:13:59:00,0.01,-0.77,0.68,-0.18,0.31,-0.24
2025-02-07,00:14:00:00,0.01,-0.77,0.68,-0.24,0.37,-0.24
2025-02-07,00:14:00:00,0.01,-0.77,0.68,-0.18,0.37,-0.18
2025-02-07,00:14:01:00,0.01,-0.77,0.68,-0.18,0.37,-0.18
2025-02-07,00:14:01:00,0.01,-0.77,0.68,-0.24,0.37,-0.18
2025-02-07,00:14:02:00,0.01,-0.77,0.68,-0.18,0.37,-0.24
2025-02-07,00:14:02:00,0.01,-0.77,0.68,-0.18,0.37,-0.24
2025-02-07,00:14:03:00,0.01,-0.77,0.68,-0.18,0.37,-0.24
2025-02-07,00:14:03:00,0.01,-0.77,0.68,-0.24,0.37,-0.18
2025-02-07,00:14:04:00,0.01,-0.77,0.68,-0.24,0.37,-0.18
2025-02-07,00:14:04:00,0.01,-0.77,0.68,-0.18,0.37,-0.18
2025-02-07,00:14:05:00,0.01,-0.77,0.68,-0.18,0.37,-0.18
2025-02-07,00:14:05:00,0.01,-0.77,0.68,-0.24,0.31,-0.24
2025-02-07,00:14:06:00,0.01,-0.77,0.68,-0.18,0.37,-0.18
2025-02-07,00:14:06:00,0.01,-0.77,0.68,-0.18,0.37,-0.18
2025-02-07,00:14:07:00,0.01,-0.77,0.68,-0.18,0.31,-0.24
2025-02-07,00:14:07:00,0.01,-0.77,0.68,-0.24,0.31,-0.24
2025-02-07,00:14:08:00,0.01,-0.77,0.68,-0.18,0.37,-0.24
2025-02-07,00:14:08:00,0.01,-0.77,0.68,-0.18,0.37,-0.12
2025-02-07,00:14:09:00,0.01,-0.77,0.68,-0.24,0.37,-0.18
2025-02-07,00:14:09:00,0.01,-0.77,0.68,-0.24,0.37,-0.18
2025-02-07,00:14:10:00,0.01,-0.77,0.68,-0.24,0.37,-0.18
2025-02-07,00:14:10:00,0.01,-0.77,0.68,-0.24,0.37,-0.18
2025-02-07,00:14:11:00,0.01,-0.77,0.68,-0.18,0.37,-0.31
2025-02-07,00:14:11:00,0.01,-0.77,0.68,-0.18,0.37,-0.24
2025-02-07,00:14:12:00,0.01,-0.77,0.68,-0.24,0.37,-0.24
2025-02-07,00:14:12:00,0.01,-0.77,0.68,-0.18,0.31,-0.18
2025-02-07,00:14:13:00,0.01,-0.77,0.68,-0.24,0.37,-0.24
2025-02-07,00:14:13:00,0.01,-0.77,0.68,-0.24,0.37,-0.18
2025-02-07,00:14:14:00,0.01,-0.77,0.68,-0.24,0.37,-0.12
2025-02-07,00:14:14:00,0.01,-0.77,0.68,-0.18,0.31,-0.24
2025-02-07,00:14:15:00,0.01,-0.77,0.68,-0.24,0.37,-0.24
2025-02-07,00:14:15:00,0.01,-0.77,0.68,-0.18,0.37,-0.18
2025-02-07,00:14:16:00,0.01,-0.77,0.68,-0.24,0.31,-0.18
2025-02-07,00:14:16:00,0.01,-0.77,0.68,-0.18,0.31,-0.18
2025-02-07,00:14:17:00,0.01,-0.77,0.68,-0.24,0.37,-0.18
2025-02-07,00:14:17:00,0.01,-0.77,0.68,-0.24,0.37,-0.18
2025-02-07,00:14:18:00,0.01,-0.77,0.68,-0.18,0.37,-0.24
2025-02-07,00:14:18:00,0.01,-0.77,0.68,-0.18,0.37,-0.24
2025-02-07,00:14:19:00,0.01,-0.77,0.68,-0.24,0.37,-0.18
2025-02-07,00:14:19:00,0.01,-0.77,0.68,-0.18,0.37,-0.24
2025-02-07,00:14:20:00,0.01,-0.77,0.68,-0.18,0.37,-0.24
2025-02-07,00:14:20:00,0.01,-0.77,0.68,-0.18,0.37,-0.24
2025-02-07,00:14:21:00,0.01,-0.77,0.68,-0.24,0.37,-0.24
2025-02-07,00:14:21:00,0.01,-0.77,0.68,-0.24,0.37,-0.18
2025-02-07,00:14:22:00,0.01,-0.77,0.68,-0.24,0.37,-0.18
2025-02-07,00:14:23:00,0.01,-0.77,0.68,-0.24,0.37,-0.18
2025-02-07,00:14:23:00,0.01,-0.77,0.68,-0.24,0.37,-0.24
2025-02-07,00:14:24:00,0.01,-0.77,0.68,-0.24,0.31,-0.18
2025-02-07,00:14:24:00,0.01,-0.77,0.68,-0.18,0.37,-0.18
2025-02-07,00:14:25:00,0.01,-0.77,0.68,-0.24,0.37,-0.24
2025-02-07,00:14:25:00,0.01,-0.77,0.68,-0.18,0.37,-0.24
2025-02-07,00:14:26:00,0.01,-0.77,0.68,-0.24,0.37,-0.18
2025-02-07,00:14:26:00,0.01,-0.77,0.68,-0.24,0.37,-0.18
2025-02-07,00:14:27:00,0.01,-0.77,0.68,-0.18,0.31,-0.24
2025-02-07,00:14:27:00,0.01,-0.77,0.68,-0.24,0.31,-0.24
2025-02-07,00:14:28:00,0.01,-0.77,0.68,-0.18,0.31,-0.24
2025-02-07,00:14:28:00,0.01,-0.77,0.68,-0.18,0.37,-0.18
2025-02-07,00:14:29:00,0.01,-0.77,0.68,-0.24,0.37,-0.24
2025-02-07,00:14:29:00,0.01,-0.77,0.68,-0.18,0.37,-0.24
2025-02-07,00:14:30:00,0.01,-0.77,0.68,-0.18,0.37,-0.18
2025-02-07,00:14:30:00,0.01,-0.77,0.68,-0.24,0.37,-0.24
2025-02-07,00:14:31:00,0.01,-0.77,0.68,-0.24,0.31,-0.18
2025-02-07,00:14:31:00,0.01,-0.77,0.68,-0.24,0.37,-0.24
2025-02-07,00:14:32:00,0.01,-0.77,0.68,-0.24,0.31,-0.24
2025-02-07,00:14:32:00,0.01,-0.77,0.68,-0.18,0.37,-0.24
2025-02-07,00:14:33:00,0.01,-0.77,0.68,-0.24,0.37,-0.24
2025-02-07,00:14:33:00,0.01,-0.77,0.68,-0.18,0.37,-0.18
2025-02-07,00:14:34:00,0.01,-0.77,0.68,-0.18,0.37,-0.24
2025-02-07,00:14:34:00,0.01,-0.77,0.68,-0.24,0.31,-0.24
2025-02-07,00:14:35:00,0.01,-0.77,0.68,-0.18,0.37,-0.31
2025-02-07,00:14:35:00,0.01,-0.77,0.68,-0.24,0.31,-0.18
2025-02-07,00:14:36:00,0.01,-0.77,0.68,-0.18,0.31,-0.18
2025-02-07,00:14:36:00,0.01,-0.77,0.68,-0.18,0.31,-0.24
2025-02-07,00:14:37:00,0.01,-0.77,0.68,-0.18,0.31,-0.18
2025-02-07,00:14:37:00,0.01,-0.77,0.68,-0.24,0.37,-0.24
2025-02-07,00:14:38:00,0.01,-0.77,0.68,-0.24,0.37,-0.24
2025-02-07,00:14:38:00,0.01,-0.77,0.68,-0.24,0.31,-0.24
2025-02-07,00:14:39:00,0.01,-0.77,0.68,-0.18,0.37,-0.18
2025-02-07,00:14:39:00,0.01,-0.77,0.68,-0.18,0.37,-0.24
2025-02-07,00:14:40:00,0.01,-0.77,0.68,-0.18,0.37,-0.18
2025-02-07,00:14:40:00,0.01,-0.77,0.68,-0.18,0.31,-0.24
2025-02-07,00:14:41:00,0.01,-0.77,0.68,-0.18,0.31,-0.18
2025-02-07,00:14:41:00,0.01,-0.77,0.68,-0.18,0.37,-0.18
2025-02-07,00:14:42:00,0.01,-0.77,0.68,-0.24,0.31,-0.18
2025-02-07,00:14:42:00,0.01,-0.77,0.68,-0.24,0.31,-0.18
2025-02-07,00:14:43:00,0.01,-0.77,0.68,-0.24,0.37,-0.18
2025-02-07,00:14:43:00,0.01,-0.77,0.68,-0.18,0.37,-0.24
2025-02-07,00:14:44:00,0.01,-0.77,0.68,-0.18,0.37,-0.18
2025-02-07,00:14:44:00,0.01,-0.77,0.68,-0.24,0.31,-0.24
2025-02-07,00:14:45:00,0.01,-0.77,0.68,-0.18,0.37,-0.18
2025-02-07,00:14:45:00,0.01,-0.77,0.68,-0.18,0.37,-0.18
2025-02-07,00:14:46:00,0.01,-0.77,0.68,-0.24,0.37,-0.18
2025-02-07,00:14:46:00,0.01,-0.76,0.68,-0.18,0.31,-0.18
2025-02-07,00:14:47:00,0.01,-0.77,0.68,-0.24,0.37,-0.24
2025-02-07,00:14:47:00,0.01,-0.77,0.68,-0.18,0.37,-0.24
2025-02-07,00:14:48:00,0.01,-0.77,0.68,-0.18,0.31,-0.24
2025-02-07,00:14:48:00,0.01,-0.77,0.68,-0.18,0.31,-0.18
2025-02-07,00:14:49:00,0.01,-0.77,0.68,-0.24,0.31,-0.24
2025-02-07,00:14:49:00,0.01,-0.77,0.68,-0.18,0.37,-0.18
2025-02-07,00:14:50:00,0.01,-0.77,0.68,-0.24,0.37,-0.24
2025-02-07,00:14:50:00,0.01,-0.77,0.68,-0.24,0.37,-0.24
2025-02-07,00:14:51:00,0.01,-0.77,0.68,-0.18,0.31,-0.24
2025-02-07,00:14:51:00,0.01,-0.77,0.68,-0.18,0.31,-0.24
2025-02-07,00:14:52:00,0.01,-0.77,0.68,-0.24,0.37,-0.18
2025-02-07,00:14:52:00,0.01,-0.77,0.68,-0.24,0.37,-0.24
2025-02-07,00:14:53:00,0.01,-0.77,0.68,-0.18,0.37,-0.18
2025-02-07,00:14:53:00,0.01,-0.77,0.68,-0.18,0.37,-0.18
2025-02-07,00:14:54:00,0.01,-0.77,0.68,-0.24,0.37,-0.18
2025-02-07,00:14:54:00,0.01,-0.76,0.68,-0.18,0.37,-0.24
2025-02-07,00:14:55:00,0.01,-0.77,0.68,-0.18,0.37,-0.24
2025-02-07,00:14:55:00,0.01,-0.77,0.68,-0.18,0.31,-0.18
2025-02-07,00:14:56:00,0.01,-0.77,0.68,-0.18,0.31,-0.18
2025-02-07,00:14:56:00,0.01,-0.77,0.68,-0.24,0.37,-0.24
2025-02-07,00:14:57:00,0.01,-0.77,0.68,-0.18,0.31,-0.24
2025-02-07,00:14:57:00,0.01,-0.77,0.68,-0.18,0.37,-0.24
2025-02-07,00:14:58:00,0.01,-0.77,0.68,-0.18,0.37,-0.24
2025-02-07,00:14:58:00,0.01,-0.77,0.68,-0.18,0.31,-0.24
2025-02-07,00:14:59:00,0.01,-0.77,0.68,-0.18,0.31,-0.24
2025-02-07,00:14:59:00,0.01,-0.77,0.68,-0.18,0.31,-0.18
2025-02-07,00:15:00:00,0.01,-0.77,0.68,-0.24,0.31,-0.12
2025-02-07,00:15:00:00,0.01,-0.77,0.68,-0.18,0.37,-0.24
2025-02-07,00:15:01:00,0.01,-0.77,0.68,-0.18,0.31,-0.12
2025-02-07,00:15:01:00,0.01,-0.77,0.68,-0.24,0.37,-0.18
2025-02-07,00:15:02:00,0.01,-0.77,0.68,-0.18,0.37,-0.24
2025-02-07,00:15:02:00,0.01,-0.77,0.68,-0.24,0.37,-0.24
2025-02-07,00:15:03:00,0.01,-0.77,0.68,-0.24,0.37,-0.18
2025-02-07,00:15:03:00,0.01,-0.77,0.68,-0.24,0.31,-0.18
2025-02-07,00:15:04:00,0.01,-0.76,0.68,-0.24,0.37,-0.18
2025-02-07,00:15:04:00,0.01,-0.77,0.68,-0.18,0.37,-0.18
2025-02-07,00:15:05:00,0.01,-0.77,0.68,-0.24,0.37,-0.18
2025-02-07,00:15:05:00,0.01,-0.77,0.68,-0.18,0.31,-0.24
2025-02-07,00:15:06:00,0.01,-0.77,0.68,-0.24,0.43,-0.18
2025-02-07,00:15:06:00,0.01,-0.77,0.68,-0.18,0.37,-0.24
2025-02-07,00:15:07:00,0.01,-0.77,0.68,-0.18,0.31,-0.18
2025-02-07,00:15:07:00,0.01,-0.77,0.68,-0.24,0.37,-0.18
2025-02-07,00:15:08:00,0.01,-0.77,0.68,-0.18,0.31,-0.18
2025-02-07,00:15:08:00,0.01,-0.77,0.68,-0.24,0.37,-0.24
2025-02-07,00:15:09:00,0.01,-0.77,0.68,-0.24,0.37,-0.18
2025-02-07,00:15:09:00,0.01,-0.77,0.68,-0.18,0.31,-0.24
2025-02-07,00:15:10:00,0.01,-0.77,0.68,-0.18,0.31,-0.18
2025-02-07,00:15:10:00,0.01,-0.77,0.68,-0.24,0.31,-0.18
2025-02-07,00:15:11:00,0.01,-0.77,0.68,-0.24,0.37,-0.18
2025-02-07,00:15:11:00,0.01,-0.77,0.68,-0.18,0.37,-0.24
2025-02-07,00:15:12:00,0.01,-0.76,0.68,-0.18,0.37,-0.24
2025-02-07,00:15:12:00,0.01,-0.77,0.68,-0.18,0.37,-0.18
2025-02-07,00:15:13:00,0.01,-0.77,0.68,-0.24,0.37,-0.24
2025-02-07,00:15:13:00,0.01,-0.77,0.68,-0.18,0.37,-0.24
2025-02-07,00:15:14:00,0.01,-0.77,0.68,-0.24,0.31,-0.18
2025-02-07,00:15:14:00,0.01,-0.77,0.68,-0.18,0.31,-0.12
2025-02-07,00:15:15:00,0.01,-0.77,0.68,-0.18,0.37,-0.24
2025-02-07,00:15:15:00,0.01,-0.77,0.68,-0.18,0.37,-0.18
2025-02-07,00:15:16:00,0.01,-0.77,0.68,-0.18,0.37,-0.18
2025-02-07,00:15:16:00,0.01,-0.77,0.68,-0.24,0.37,-0.24
2025-02-07,00:15:17:00,0.01,-0.77,0.68,-0.18,0.37,-0.18
2025-02-07,00:15:17:00,0.01,-0.77,0.68,-0.18,0.31,-0.18
2025-02-07,00:15:18:00,0.01,-0.77,0.68,-0.18,0.37,-0.18
2025-02-07,00:15:18:00,0.01,-0.77,0.68,-0.18,0.37,-0.24
2025-02-07,00:15:19:00,0.01,-0.77,0.68,-0.24,0.37,-0.24
2025-02-07,00:15:19:00,0.01,-0.77,0.68,-0.24,0.31,-0.18
2025-02-07,00:15:20:00,0.01,-0.77,0.68,-0.24,0.37,-0.24
2025-02-07,00:15:20:00,0.01,-0.77,0.68,-0.18,0.31,-0.18
2025-02-07,00:15:21:00,0.01,-0.77,0.68,-0.18,0.37,-0.24
2025-02-07,00:15:21:00,0.01,-0.77,0.68,-0.12,0.31,-0.18
2025-02-07,00:15:22:00,0.01,-0.77,0.68,-0.18,0.31,-0.18
2025-02-07,00:15:22:00,0.01,-0.77,0.68,-0.18,0.31,-0.18
2025-02-07,00:15:23:00,0.01,-0.77,0.68,-0.18,0.37,-0.24
2025-02-07,00:15:23:00,0.01,-0.77,0.68,-0.24,0.37,-0.24
2025-02-07,00:15:24:00,0.01,-0.77,0.68,-0.18,0.37,-0.24
2025-02-07,00:15:24:00,0.01,-0.77,0.68,-0.24,0.37,-0.18
2025-02-07,00:15:25:00,0.01,-0.77,0.68,-0.18,0.37,-0.24
2025-02-07,00:15:26:00,0.01,-0.77,0.68,-0.24,0.31,-0.18
2025-02-07,00:15:26:00,0.01,-0.77,0.68,-0.18,0.37,-0.18
2025-02-07,00:15:27:00,0.01,-0.77,0.68,-0.18,0.37,-0.18
2025-02-07,00:15:27:00,0.01,-0.77,0.68,-0.18,0.37,-0.18
2025-02-07,00:15:28:00,0.01,-0.77,0.68,-0.24,0.37,-0.24
2025-02-07,00:15:28:00,0.01,-0.77,0.68,-0.18,0.37,-0.24
2025-02-07,00:15:29:00,0.01,-0.77,0.68,-0.24,0.37,-0.24
2025-02-07,00:15:29:00,0.01,-0.77,0.68,-0.24,0.31,-0.18
2025-02-07,00:15:30:00,0.01,-0.77,0.68,-0.24,0.37,-0.18
2025-02-07,00:15:30:00,0.01,-0.77,0.68,-0.24,0.31,-0.24
2025-02-07,00:15:31:00,0.01,-0.77,0.68,-0.24,0.37,-0.24
2025-02-07,00:15:31:00,0.01,-0.77,0.68,-0.24,0.37,-0.18
2025-02-07,00:15:32:00,0.01,-0.77,0.68,-0.24,0.37,-0.24
2025-02-07,00:15:32:00,0.01,-0.77,0.68,-0.24,0.37,-0.18
2025-02-07,00:15:33:00,0.01,-0.76,0.68,-0.24,0.37,-0.24
2025-02-07,00:15:33:00,0.01,-0.77,0.68,-0.24,0.31,-0.18
2025-02-07,00:15:34:00,0.01,-0.77,0.68,-0.24,0.37,-0.18
2025-02-07,00:15:34:00,0.01,-0.77,0.68,-0.24,0.37,-0.18
2025-02-07,00:15:35:00,0.01,-0.77,0.68,-0.24,0.37,-0.24
2025-02-07,00:15:35:00,0.01,-0.77,0.68,-0.24,0.37,-0.18
2025-02-07,00:15:36:00,0.01,-0.77,0.68,-0.24,0.31,-0.24
2025-02-07,00:15:36:00,0.01,-0.77,0.68,-0.18,0.31,-0.24
2025-02-07,00:15:37:00,0.01,-0.77,0.68,-0.18,0.31,-0.24
2025-02-07,00:15:37:00,0.01,-0.77,0.68,-0.18,0.37,-0.18
2025-02-07,00:15:38:00,0.01,-0.77,0.68,-0.24,0.37,-0.18
2025-02-07,00:15:38:00,0.01,-0.77,0.68,-0.18,0.37,-0.18
2025-02-07,00:15:39:00,0.01,-0.77,0.68,-0.18,0.37,-0.18
2025-02-07,00:15:39:00,0.01,-0.77,0.68,-0.18,0.37,-0.18
2025-02-07,00:15:40:00,0.01,-0.77,0.68,-0.18,0.37,-0.18
2025-02-07,00:15:40:00,0.01,-0.77,0.68,-0.18,0.37,-0.24
2025-02-07,00:15:41:00,0.01,-0.77,0.68,-0.24,0.37,-0.18
2025-02-07,00:15:41:00,0.01,-0.77,0.68,-0.18,0.37,-0.18
2025-02-07,00:15:42:00,0.01,-0.77,0.68,-0.24,0.31,-0.24
2025-02-07,00:15:42:00,0.01,-0.77,0.68,-0.24,0.37,-0.24
2025-02-07,00:15:43:00,0.01,-0.77,0.68,-0.18,0.37,-0.18
2025-02-07,00:15:43:00,0.01,-0.77,0.68,-0.24,0.37,-0.18
2025-02-07,00:15:44:00,0.01,-0.77,0.68,-0.18,0.31,-0.24
2025-02-07,00:15:44:00,0.01,-0.77,0.68,-0.18,0.31,-0.18
2025-02-07,00:15:45:00,0.01,-0.77,0.68,-0.24,0.37,-0.18
2025-02-07,00:15:45:00,0.01,-0.77,0.68,-0.18,0.31,-0.18
2025-02-07,00:15:46:00,0.01,-0.77,0.68,-0.18,0.37,-0.24
2025-02-07,00:15:46:00,0.01,-0.77,0.68,-0.18,0.31,-0.24
2025-02-07,00:15:47:00,0.01,-0.77,0.68,-0.24,0.37,-0.18
2025-02-07,00:15:47:00,0.01,-0.77,0.68,-0.18,0.37,-0.24
2025-02-07,00:15:48:00,0.01,-0.76,0.68,-0.24,0.37,-0.18
2025-02-07,00:15:48:00,0.01,-0.77,0.68,-0.18,0.37,-0.18
2025-02-07,00:15:49:00,0.01,-0.77,0.68,-0.12,0.37,-0.24
2025-02-07,00:15:49:00,0.01,-0.77,0.68,-0.18,0.31,-0.24
2025-02-07,00:15:50:00,0.01,-0.77,0.68,-0.18,0.31,-0.24
2025-02-07,00:15:50:00,0.01,-0.77,0.68,-0.18,0.31,-0.18
2025-02-07,00:15:51:00,0.01,-0.77,0.68,-0.24,0.31,-0.18
2025-02-07,00:15:51:00,0.01,-0.77,0.68,-0.18,0.31,-0.24
2025-02-07,00:15:52:00,0.01,-0.77,0.68,-0.18,0.31,-0.18
2025-02-07,00:15:52:00,0.01,-0.77,0.68,-0.18,0.37,-0.24
2025-02-07,00:15:53:00,0.01,-0.77,0.68,-0.18,0.37,-0.18
2025-02-07,00:15:53:00,0.01,-0.77,0.68,-0.24,0.37,-0.24
2025-02-07,00:15:54:00,0.01,-0.77,0.68,-0.18,0.37,-0.24
2025-02-07,00:15:54:00,0.01,-0.77,0.68,-0.24,0.31,-0.18
2025-02-07,00:15:55:00,0.01,-0.77,0.68,-0.24,0.43,-0.18
2025-02-07,00:15:55:00,0.01,-0.77,0.68,-0.24,0.37,-0.18
2025-02-07,00:15:56:00,0.01,-0.77,0.68,-0.18,0.37,-0.18
2025-02-07,00:15:56:00,0.01,-0.77,0.68,-0.24,0.37,-0.18
2025-02-07,00:15:57:00,0.01,-0.77,0.68,-0.24,0.37,-0.18
2025-02-07,00:15:57:00,0.01,-0.77,0.68,-0.24,0.37,-0.24
2025-02-07,00:15:58:00,0.01,-0.77,0.68,-0.24,0.37,-0.18
2025-02-07,00:15:58:00,0.01,-0.77,0.68,-0.24,0.37,-0.18
2025-02-07,00:15:59:00,0.01,-0.77,0.68,-0.18,0.37,-0.24
2025-02-07,00:15:59:00,0.01,-0.77,0.68,-0.24,0.37,-0.18
2025-02-07,00:16:00:00,0.01,-0.77,0.68,-0.18,0.37,-0.24
2025-02-07,00:16:00:00,0.01,-0.77,0.68,-0.24,0.31,-0.18
2025-02-07,00:16:01:00,0.01,-0.77,0.68,-0.18,0.37,-0.18
2025-02-07,00:16:01:00,0.01,-0.77,0.68,-0.18,0.31,-0.24
2025-02-07,00:16:02:00,0.01,-0.77,0.68,-0.24,0.37,-0.24
2025-02-07,00:16:02:00,0.01,-0.77,0.68,-0.24,0.31,-0.24
2025-02-07,00:16:03:00,0.01,-0.77,0.68,-0.18,0.37,-0.18
2025-02-07,00:16:03:00,0.01,-0.77,0.68,-0.24,0.31,-0.18
2025-02-07,00:16:04:00,0.01,-0.77,0.68,-0.24,0.31,-0.24
2025-02-07,00:16:04:00,0.01,-0.77,0.68,-0.24,0.37,-0.24
2025-02-07,00:16:05:00,0.01,-0.77,0.68,-0.24,0.37,-0.18
2025-02-07,00:16:05:00,0.01,-0.77,0.68,-0.24,0.37,-0.18
2025-02-07,00:16:06:00,0.01,-0.77,0.68,-0.18,0.37,-0.18
2025-02-07,00:16:06:00,0.01,-0.77,0.68,-0.24,0.37,-0.24
2025-02-07,00:16:07:00,0.01,-0.77,0.68,-0.18,0.37,-0.24
2025-02-07,00:16:07:00,0.01,-0.77,0.68,-0.18,0.31,-0.18
2025-02-07,00:16:08:00,0.01,-0.77,0.68,-0.24,0.37,-0.18
2025-02-07,00:16:08:00,0.01,-0.76,0.68,-0.24,0.37,-0.24
2025-02-07,00:16:09:00,0.01,-0.77,0.68,-0.24,0.43,-0.24
2025-02-07,00:16:09:00,0.01,-0.77,0.68,-0.24,0.31,-0.24
2025-02-07,00:16:10:00,0.01,-0.77,0.68,-0.24,0.37,-0.18
2025-02-07,00:16:10:00,0.01,-0.77,0.68,-0.18,0.31,-0.18
2025-02-07,00:16:11:00,0.01,-0.77,0.68,-0.18,0.37,-0.24
2025-02-07,00:16:11:00,0.01,-0.76,0.68,-0.18,0.37,-0.24
2025-02-07,00:16:12:00,0.01,-0.77,0.68,-0.18,0.37,-0.24
2025-02-07,00:16:12:00,0.01,-0.76,0.68,-0.24,0.31,-0.18
2025-02-07,00:16:13:00,0.01,-0.76,0.68,-0.18,0.31,-0.18
2025-02-07,00:16:13:00,0.01,-0.77,0.68,-0.24,0.37,-0.24
2025-02-07,00:16:14:00,0.01,-0.76,0.68,-0.24,0.31,-0.18
2025-02-07,00:16:14:00,0.01,-0.77,0.68,-0.18,0.37,-0.18
2025-02-07,00:16:15:00,0.01,-0.77,0.68,-0.24,0.37,-0.18
2025-02-07,00:16:15:00,0.01,-0.77,0.68,-0.24,0.37,-0.18
2025-02-07,00:16:16:00,0.01,-0.77,0.68,-0.18,0.31,-0.24
2025-02-07,00:16:16:00,0.01,-0.77,0.68,-0.24,0.37,-0.24
2025-02-07,00:16:17:00,0.01,-0.77,0.68,-0.24,0.37,-0.24
2025-02-07,00:16:17:00,0.01,-0.77,0.68,-0.18,0.37,-0.18
2025-02-07,00:16:18:00,0.01,-0.76,0.68,-0.24,0.37,-0.24
2025-02-07,00:16:18:00,0.01,-0.77,0.68,-0.24,0.37,-0.24
2025-02-07,00:16:19:00,0.01,-0.77,0.68,-0.18,0.37,-0.18
2025-02-07,00:16:19:00,0.01,-0.77,0.68,-0.24,0.37,-0.18
2025-02-07,00:16:20:00,0.01,-0.77,0.68,-0.24,0.37,-0.18
2025-02-07,00:16:20:00,0.01,-0.77,0.68,-0.24,0.37,-0.18
2025-02-07,00:16:21:00,0.01,-0.77,0.68,-0.18,0.37,-0.24
2025-02-07,00:16:21:00,0.01,-0.76,0.68,-0.24,0.31,-0.18
2025-02-07,00:16:22:00,0.01,-0.77,0.68,-0.18,0.31,-0.18
2025-02-07,00:16:22:00,0.01,-0.77,0.68,-0.18,0.31,-0.18
2025-02-07,00:16:23:00,0.01,-0.77,0.68,-0.24,0.37,-0.18
2025-02-07,00:16:23:00,0.01,-0.77,0.68,-0.24,0.31,-0.18
2025-02-07,00:16:24:00,0.01,-0.77,0.68,-0.18,0.37,-0.18
2025-02-07,00:16:24:00,0.01,-0.77,0.68,-0.18,0.31,-0.24
2025-02-07,00:16:25:00,0.01,-0.77,0.68,-0.24,0.31,-0.18
2025-02-07,00:16:25:00,0.01,-0.77,0.68,-0.18,0.37,-0.24
2025-02-07,00:16:26:00,0.01,-0.77,0.68,-0.18,0.31,-0.18
2025-02-07,00:16:26:00,0.01,-0.77,0.68,-0.18,0.37,-0.24
2025-02-07,00:16:27:00,0.01,-0.77,0.68,-0.18,0.37,-0.24
2025-02-07,00:16:27:00,0.01,-0.77,0.68,-0.24,0.37,-0.18
2025-02-07,00:16:28:00,0.01,-0.77,0.68,-0.18,0.37,-0.18
2025-02-07,00:16:29:00,0.01,-0.76,0.68,-0.24,0.37,-0.24
2025-02-07,00:16:29:00,0.01,-0.77,0.68,-0.18,0.31,-0.18
2025-02-07,00:16:30:00,0.01,-0.77,0.68,-0.24,0.37,-0.24
2025-02-07,00:16:30:00,0.01,-0.77,0.68,-0.24,0.37,-0.24
2025-02-07,00:16:31:00,0.01,-0.77,0.68,-0.18,0.31,-0.18
2025-02-07,00:16:31:00,0.01,-0.77,0.68,-0.24,0.37,-0.18
2025-02-07,00:16:32:00,0.01,-0.77,0.68,-0.24,0.37,-0.24
2025-02-07,00:16:32:00,0.01,-0.77,0.68,-0.18,0.37,-0.24
2025-02-07,00:16:33:00,0.01,-0.76,0.68,-0.18,0.31,-0.18
2025-02-07,00:16:33:00,0.01,-0.77,0.68,-0.18,0.31,-0.18
2025-02-07,00:16:34:00,0.01,-0.77,0.68,-0.24,0.37,-0.24
2025-02-07,00:16:34:00,0.01,-0.76,0.68,-0.18,0.37,-0.31
2025-02-07,00:16:35:00,0.01,-0.76,0.68,-0.24,0.31,-0.24
2025-02-07,00:16:35:00,0.01,-0.77,0.68,-0.24,0.37,-0.18
2025-02-07,00:16:36:00,0.01,-0.77,0.68,-0.18,0.37,-0.18
2025-02-07,00:16:36:00,0.01,-0.77,0.68,-0.18,0.37,-0.18
2025-02-07,00:16:37:00,0.0,-0.73,0.67,-1.22,0.79,-0.18
2025-02-07,00:16:37:00,0.0,-0.75,0.68,1.1,0.49,0.98
2025-02-07,00:16:38:00,-0.04,-0.71,0.75,-52.8,-12.39,9.58
2025-02-07,00:16:38:00,0.0,-0.77,0.67,1.46,10.19,5.0
2025-02-07,00:16:39:00,0.03,-0.77,0.68,0.12,0.61,-0.61
2025-02-07,00:16:39:00,0.01,-0.77,0.67,-2.01,4.33,2.44
2025-02-07,00:16:40:00,-0.08,-0.59,1.05,213.01,-146.61,27.1
2025-02-07,00:16:40:00,0.34,-0.7,-1.54,-340.7,-58.53,-272.46
2025-02-07,00:16:41:00,0.24,-0.9,-1.41,-61.89,-159.24,117.74
2025-02-07,00:16:41:00,-0.08,0.7,-1.11,27.28,0.31,40.83
2025-02-07,00:16:42:00,-0.11,1.88,0.41,75.38,31.49,-89.11
2025-02-07,00:16:42:00,-0.06,-0.31,0.67,-15.44,35.58,22.09
2025-02-07,00:16:43:00,0.02,-0.59,0.84,-2.99,5.55,0.49
2025-02-07,00:16:43:00,-0.01,-0.58,0.83,3.05,-9.77,-5.49
2025-02-07,00:16:44:00,0.01,-0.57,0.84,-1.1,1.16,0.31
2025-02-07,00:16:44:00,0.01,-0.57,0.85,-0.18,1.34,-0.06
2025-02-07,00:16:45:00,0.01,-0.57,0.85,-0.61,0.49,-0.31
2025-02-07,00:16:45:00,0.01,-0.57,0.85,-0.73,0.24,-0.24
2025-02-07,00:16:46:00,0.02,-0.57,0.85,-0.06,0.31,-0.24
2025-02-07,00:16:46:00,0.02,-0.57,0.85,0.55,0.61,-0.55
2025-02-07,00:16:47:00,0.02,-0.57,0.85,-0.06,0.06,-0.24
2025-02-07,00:16:47:00,0.02,-0.57,0.85,0.24,0.06,-0.18
2025-02-07,00:16:48:00,0.02,-0.57,0.85,-0.31,0.31,-0.18
2025-02-07,00:16:48:00,0.02,-0.57,0.85,-0.31,0.31,-0.12
2025-02-07,00:16:49:00,0.0,-0.57,0.84,-3.42,-6.71,-5.07
2025-02-07,00:16:49:00,0.02,-0.57,0.85,-1.1,2.5,0.85
2025-02-07,00:16:50:00,0.03,-0.58,0.85,0.37,-0.61,-0.43
2025-02-07,00:16:50:00,0.02,-0.57,0.85,-0.06,-0.06,-0.49
2025-02-07,00:16:51:00,0.02,-0.57,0.85,-0.12,0.18,-0.31
2025-02-07,00:16:51:00,0.02,-0.57,0.85,0.43,0.06,0.12
2025-02-07,00:16:52:00,0.02,-0.57,0.85,-0.06,0.43,-0.31
2025-02-07,00:16:52:00,0.02,-0.57,0.85,-0.18,0.37,-0.18
2025-02-07,00:16:53:00,0.02,-0.57,0.85,-0.18,0.37,-0.12
2025-02-07,00:16:53:00,0.02,-0.57,0.85,-0.24,0.31,-0.18
2025-02-07,00:16:54:00,0.02,-0.57,0.85,-0.18,0.18,-0.37
2025-02-07,00:16:54:00,0.02,-0.57,0.85,-0.18,0.31,-0.18
2025-02-07,00:16:55:00,0.02,-0.57,0.85,-0.24,0.37,-0.12
2025-02-07,00:16:55:00,0.02,-0.57,0.85,-0.24,0.31,-0.12
2025-02-07,00:16:56:00,0.02,-0.57,0.85,-0.24,0.37,-0.12
2025-02-07,00:16:56:00,0.02,-0.57,0.85,-0.18,0.37,-0.12
2025-02-07,00:16:57:00,0.02,-0.57,0.85,-0.18,0.37,-0.18
2025-02-07,00:16:57:00,0.02,-0.57,0.85,-0.24,0.37,-0.18
2025-02-07,00:16:58:00,0.02,-0.57,0.85,-0.24,0.37,-0.18
2025-02-07,00:16:58:00,0.02,-0.57,0.85,-0.24,0.37,-0.06
2025-02-07,00:16:59:00,0.02,-0.57,0.85,-0.18,0.31,-0.18
2025-02-07,00:16:59:00,0.02,-0.57,0.85,0.55,0.37,-0.06
2025-02-07,00:17:00:00,0.02,-0.55,0.85,-1.04,0.49,0.24
2025-02-07,00:17:00:00,0.02,-0.57,0.85,0.55,0.67,-0.12
2025-02-07,00:17:01:00,0.02,-0.57,0.85,2.14,-1.89,-0.49
2025-02-07,00:17:01:00,0.02,-0.57,0.85,-2.5,1.77,-1.16
2025-02-07,00:17:02:00,0.02,-0.57,0.85,-0.73,-0.55,-0.61
2025-02-07,00:17:02:00,0.02,-0.56,0.85,0.43,-2.26,-1.28
2025-02-07,00:17:03:00,0.01,-0.56,0.85,1.53,-3.97,-1.53
2025-02-07,00:17:03:00,0.02,-0.57,0.85,-0.85,0.18,-0.85
2025-02-07,00:17:04:00,0.02,-0.57,0.85,-0.24,-0.18,-0.55
2025-02-07,00:17:04:00,0.02,-0.57,0.85,-0.18,0.18,-0.31
2025-02-07,00:17:05:00,0.02,-0.58,0.84,0.85,0.85,0.43
2025-02-07,00:17:05:00,0.02,-0.57,0.85,0.12,0.55,0.12
2025-02-07,00:17:06:00,0.02,-0.58,0.85,-0.49,0.79,0.0
2025-02-07,00:17:06:00,0.02,-0.58,0.84,-0.24,2.08,0.55
2025-02-07,00:17:07:00,0.02,-0.57,0.85,0.0,0.79,0.0
2025-02-07,00:17:07:00,0.02,-0.57,0.85,-0.12,-0.37,-0.31
2025-02-07,00:17:08:00,0.02,-0.57,0.85,-0.06,0.37,15.5
2025-02-07,00:17:08:00,0.02,-0.57,0.85,0.31,0.73,0.37
2025-02-07,00:17:09:00,0.02,-0.57,0.85,0.67,0.49,0.06
2025-02-07,00:17:09:00,0.02,-0.57,0.85,0.61,0.92,0.18
2025-02-07,00:17:10:00,0.02,-0.58,0.85,-0.79,0.55,-0.49
2025-02-07,00:17:10:00,0.02,-0.57,0.85,-0.18,-0.12,0.31
2025-02-07,00:17:11:00,0.02,-0.57,0.85,-0.18,1.71,0.85
2025-02-07,00:17:11:00,0.02,-0.57,0.85,0.18,0.92,0.79
2025-02-07,00:17:12:00,0.02,-0.57,0.85,0.12,0.12,-0.12
2025-02-07,00:17:12:00,0.02,-0.57,0.85,0.24,0.61,0.0
2025-02-07,00:17:13:00,0.02,-0.57,0.85,-0.24,0.67,-0.12
2025-02-07,00:17:13:00,0.02,-0.57,0.85,-0.06,0.31,-0.18
2025-02-07,00:17:14:00,0.02,-0.57,0.85,-0.24,0.49,-0.18
2025-02-07,00:17:14:00,0.02,-0.57,0.85,0.31,0.12,-0.06
2025-02-07,00:17:15:00,0.02,-0.58,0.85,-1.77,0.92,0.0
2025-02-07,00:17:15:00,0.02,-0.57,0.85,-0.24,-0.06,-0.31
2025-02-07,00:17:16:00,0.02,-0.57,0.85,-0.49,0.24,-0.37
2025-02-07,00:17:16:00,0.02,-0.57,0.85,0.18,0.31,-0.06
2025-02-07,00:17:17:00,0.02,-0.57,0.85,-0.12,0.24,-0.24
2025-02-07,00:17:17:00,0.02,-0.57,0.85,-0.12,0.12,-0.31
2025-02-07,00:17:18:00,0.02,-0.57,0.85,-0.49,0.55,-0.18
2025-02-07,00:17:18:00,0.02,-0.57,0.85,-0.37,0.37,-0.18
2025-02-07,00:17:19:00,0.02,-0.57,0.85,-0.31,0.31,-0.31
2025-02-07,00:17:19:00,0.02,-0.57,0.85,0.0,0.31,-0.12
2025-02-07,00:17:20:00,0.02,-0.57,0.85,-0.55,0.43,-0.18
2025-02-07,00:17:20:00,0.02,-0.57,0.85,-0.12,0.18,-0.12
2025-02-07,00:17:21:00,0.02,-0.57,0.85,-0.12,0.12,-0.24
2025-02-07,00:17:21:00,0.02,-0.57,0.85,-0.18,0.43,-0.24
2025-02-07,00:17:22:00,0.02,-0.58,0.85,-1.16,1.53,-0.18
2025-02-07,00:17:22:00,0.02,-0.57,0.85,-0.67,0.79,0.31
2025-02-07,00:17:23:00,0.02,-0.57,0.85,-0.18,0.18,-0.24
2025-02-07,00:17:23:00,0.02,-0.57,0.85,-0.55,0.43,-0.37
2025-02-07,00:17:24:00,0.02,-0.57,0.85,-0.06,0.18,-0.12
2025-02-07,00:17:24:00,0.02,-0.57,0.85,-0.55,0.67,-0.12
2025-02-07,00:17:25:00,0.02,-0.57,0.85,0.06,0.31,-0.12
2025-02-07,00:17:25:00,0.02,-0.57,0.85,-0.49,0.43,-0.37
2025-02-07,00:17:26:00,0.02,-0.57,0.85,-0.61,0.55,-0.31
2025-02-07,00:17:26:00,0.02,-0.57,0.85,-0.24,0.61,0.06
2025-02-07,00:17:27:00,0.02,-0.57,0.85,0.0,0.43,-0.06
2025-02-07,00:17:27:00,0.02,-0.57,0.85,0.24,0.12,-0.24
2025-02-07,00:17:28:00,0.02,-0.57,0.85,0.06,0.43,-0.06
2025-02-07,00:17:28:00,0.02,-0.57,0.85,-0.49,0.49,-0.24
2025-02-07,00:17:29:00,0.02,-0.57,0.85,-0.37,0.37,-0.12
2025-02-07,00:17:29:00,0.02,-0.57,0.85,-0.55,0.12,-0.43
2025-02-07,00:17:30:00,0.02,-0.57,0.85,-0.37,0.24,-0.31
2025-02-07,00:17:30:00,0.02,-0.57,0.85,-0.24,0.37,-0.12
2025-02-07,00:17:31:00,0.02,-0.57,0.85,-0.37,0.31,-0.31
2025-02-07,00:17:32:00,0.02,-0.57,0.85,-0.43,0.55,-0.12
2025-02-07,00:17:32:00,0.02,-0.57,0.85,-0.43,0.85,-0.06
2025-02-07,00:17:33:00,0.02,-0.57,0.85,0.0,-0.06,-0.31
2025-02-07,00:17:33:00,0.02,-0.57,0.85,-0.18,0.43,-0.12
2025-02-07,00:17:34:00,-0.04,-0.55,0.89,-26.31,4.58,-9.22
2025-02-07,00:17:34:00,0.06,0.27,1.1,558.23,310.67,14.53
2025-02-07,00:17:35:00,-0.18,-0.49,-0.05,-673.77,183.78,-191.77
2025-02-07,00:17:35:00,0.06,-1.0,1.46,297.0,164.79,-9.28
2025-02-07,00:17:36:00,2.57,-1.05,3.63,-7.26,-1021.79,-295.04
2025-02-07,00:17:36:00,0.15,-0.62,0.81,-235.96,87.71,-60.42
2025-02-07,00:17:37:00,0.0,-0.82,0.62,-1.53,2.44,0.61
2025-02-07,00:17:37:00,-0.01,-0.82,0.61,-1.1,1.04,-0.79
2025-02-07,00:17:38:00,-0.01,-0.82,0.61,-0.92,0.98,0.0
2025-02-07,00:17:38:00,-0.01,-0.83,0.61,-0.67,0.37,-0.43
2025-02-07,00:17:39:00,-0.01,-0.83,0.6,-0.55,0.73,-0.12
2025-02-07,00:17:39:00,-0.01,-0.83,0.6,-0.31,0.49,-0.24
2025-02-07,00:17:40:00,-0.01,-0.83,0.6,-1.16,0.49,-0.12
2025-02-07,00:17:40:00,-0.01,-0.83,0.6,0.31,0.61,0.0
2025-02-07,00:17:41:00,-0.0,-0.83,0.6,-0.79,0.43,-0.24
2025-02-07,00:17:41:00,-0.01,-0.84,0.59,0.73,2.62,1.1
2025-02-07,00:17:42:00,-0.01,-0.83,0.59,0.73,0.43,0.06
2025-02-07,00:17:42:00,-0.01,-0.83,0.59,-0.85,0.49,-0.18
2025-02-07,00:17:43:00,-0.01,-0.84,0.59,-0.43,0.61,0.0
2025-02-07,00:17:43:00,-0.01,-0.84,0.59,-0.61,0.55,-0.12
2025-02-07,00:17:44:00,-0.01,-0.84,0.59,-0.55,0.49,-0.18
2025-02-07,00:17:44:00,-0.01,-0.84,0.59,-1.1,0.61,0.0
2025-02-07,00:17:45:00,-0.01,-0.84,0.59,-0.55,0.55,0.06
2025-02-07,00:17:45:00,-0.0,-0.83,0.59,-0.49,0.0,-0.79
2025-02-07,00:17:46:00,-0.01,-0.83,0.59,-0.06,0.06,-0.55
2025-02-07,00:17:46:00,-0.01,-0.84,0.59,0.18,0.12,-0.55
2025-02-07,00:17:47:00,-0.01,-0.84,0.59,-0.43,0.18,-0.55
2025-02-07,00:17:47:00,-0.01,-0.84,0.59,-0.06,0.24,-0.37
2025-02-07,00:17:48:00,-0.01,-0.84,0.59,-0.43,0.24,-0.31
2025-02-07,00:17:48:00,-0.01,-0.84,0.59,-0.55,0.37,-0.31
2025-02-07,00:17:49:00,-0.01,-0.84,0.59,-0.06,0.24,-0.37
2025-02-07,00:17:49:00,-0.01,-0.84,0.58,-0.49,0.55,0.0
2025-02-07,00:17:50:00,-0.01,-0.84,0.58,0.0,0.43,0.0
2025-02-07,00:17:50:00,-0.01,-0.84,0.59,-0.85,0.61,0.12
2025-02-07,00:17:51:00,-0.01,-0.84,0.59,0.37,0.37,-0.12
2025-02-07,00:17:51:00,-0.01,-0.84,0.59,-0.85,0.37,-0.24
2025-02-07,00:17:52:00,-0.01,-0.84,0.58,-0.73,0.37,-0.24
2025-02-07,00:17:52:00,-0.01,-0.84,0.58,0.37,0.49,0.12
2025-02-07,00:17:53:00,-0.01,-0.84,0.58,-0.73,-0.06,-0.92
2025-02-07,00:17:53:00,-0.01,-0.84,0.58,-0.49,0.12,-0.55
2025-02-07,00:17:54:00,-0.01,-0.84,0.58,-1.1,0.37,-0.43
2025-02-07,00:17:54:00,-0.01,-0.84,0.58,-0.31,0.61,-0.37
2025-02-07,00:17:55:00,-0.01,-0.84,0.58,-1.46,0.98,-15.44
2025-02-07,00:17:55:00,-0.01,-0.84,0.58,0.0,0.43,-0.06
2025-02-07,00:17:56:00,-0.01,-0.84,0.58,-0.12,0.37,0.0
2025-02-07,00:17:56:00,-0.01,-0.84,0.58,0.12,0.18,-0.37
2025-02-07,00:17:57:00,-0.01,-0.84,0.58,-0.37,0.24,-0.31
2025-02-07,00:17:57:00,-0.01,-0.84,0.58,-0.85,0.37,-0.24
2025-02-07,00:17:58:00,-0.01,-0.84,0.58,-0.24,0.43,-0.06
2025-02-07,00:17:58:00,-0.01,-0.84,0.58,0.0,0.37,-0.18
2025-02-07,00:17:59:00,-0.01,-0.84,0.59,-1.46,0.73,0.24
2025-02-07,00:17:59:00,-0.01,-0.85,0.58,-0.37,0.49,0.0
2025-02-07,00:18:00:00,-0.01,-0.84,0.58,-0.24,0.49,0.31
2025-02-07,00:18:00:00,-0.01,-0.84,0.58,-0.18,0.31,-0.31
2025-02-07,00:18:01:00,-0.15,-0.87,0.42,36.56,28.56,27.28
2025-02-07,00:18:01:00,0.42,-0.24,-1.43,7.81,-296.87,138.55
2025-02-07,00:18:02:00,0.53,0.72,-0.17,154.17,250.12,204.35
2025-02-07,00:18:02:00,-0.01,-0.94,0.38,-33.2,-16.78,2.2
2025-02-07,00:18:03:00,0.17,0.7,-0.66,297.67,351.62,132.2
2025-02-07,00:18:03:00,0.18,-1.02,1.36,15.99,-65.12,11.41
2025-02-07,00:18:04:00,0.1,-0.45,0.8,-129.94,65.06,-21.24
2025-02-07,00:18:04:00,-0.03,-0.75,0.7,-5.43,2.75,-4.52
2025-02-07,00:18:05:00,-0.02,-0.76,0.69,-1.04,0.98,-1.59
2025-02-07,00:18:05:00,-0.02,-0.76,0.68,-0.43,0.55,-1.16
2025-02-07,00:18:06:00,-0.02,-0.76,0.68,-0.67,0.85,-0.55
2025-02-07,00:18:06:00,-0.01,-0.77,0.68,-0.24,0.55,-0.61
2025-02-07,00:18:07:00,-0.01,-0.77,0.68,-1.04,0.98,-0.61
2025-02-07,00:18:07:00,-0.01,-0.77,0.68,0.0,0.12,-1.1
2025-02-07,00:18:08:00,-0.01,-0.77,0.67,-0.06,0.43,-0.43
2025-02-07,00:18:08:00,-0.01,-0.77,0.68,0.73,0.55,-0.43
2025-02-07,00:18:09:00,-0.03,-0.75,0.66,-0.61,14.77,17.4
2025-02-07,00:18:09:00,-0.01,-0.77,0.67,-0.12,1.46,0.79
2025-02-07,00:18:10:00,-0.01,-0.78,0.67,0.0,-0.12,-0.49
2025-02-07,00:18:10:00,-0.0,-0.78,0.67,-0.24,0.55,0.18
2025-02-07,00:18:11:00,-0.0,-0.78,0.67,0.37,0.37,0.0
2025-02-07,00:18:11:00,-0.0,-0.78,0.67,-1.1,0.0,-0.67
2025-02-07,00:18:12:00,-0.0,-0.78,0.67,-0.37,0.31,-0.18
2025-02-07,00:18:12:00,-0.0,-0.78,0.67,-0.18,0.49,0.06
2025-02-07,00:18:13:00,-0.0,-0.78,0.67,0.0,0.24,-0.24
2025-02-07,00:18:13:00,-0.0,-0.78,0.67,-0.06,0.24,-0.24
2025-02-07,00:18:14:00,-0.0,-0.78,0.67,-0.12,0.43,-0.18
2025-02-07,00:18:14:00,-0.0,-0.78,0.66,-0.06,0.31,-0.24
2025-02-07,00:18:15:00,-0.0,-0.78,0.66,-0.06,0.43,-0.12
2025-02-07,00:18:15:00,-0.0,-0.78,0.66,-0.37,0.37,-0.12
2025-02-07,00:18:16:00,-0.0,-0.78,0.66,0.18,0.24,-0.24
2025-02-07,00:18:16:00,-0.0,-0.78,0.66,-0.18,0.37,-0.18
2025-02-07,00:18:17:00,-0.0,-0.78,0.66,0.0,0.37,-0.18
2025-02-07,00:18:17:00,-0.0,-0.78,0.66,-0.79,0.49,-0.06
2025-02-07,00:18:18:00,-0.0,-0.78,0.67,-0.49,0.49,0.06
2025-02-07,00:18:18:00,-0.0,-0.78,0.66,-0.12,0.37,-0.18
2025-02-07,00:18:19:00,-0.0,-0.78,0.66,0.06,0.24,-0.24
2025-02-07,00:18:19:00,-0.0,-0.78,0.66,-0.31,0.31,-0.24
2025-02-07,00:18:20:00,-0.0,-0.78,0.66,-0.18,0.24,-0.31
2025-02-07,00:18:20:00,-0.0,-0.78,0.66,-0.18,0.31,-0.24
2025-02-07,00:18:21:00,-0.0,-0.78,0.66,0.06,0.37,-0.24
2025-02-07,00:18:21:00,-0.0,-0.78,0.66,-0.06,0.31,-0.18
2025-02-07,00:18:22:00,-0.0,-0.78,0.66,0.24,0.31,-0.18
2025-02-07,00:18:22:00,-0.0,-0.78,0.66,-0.18,0.43,0.0
2025-02-07,00:18:23:00,-0.0,-0.78,0.67,0.43,0.06,-0.37
2025-02-07,00:18:23:00,-0.0,-0.78,0.67,-0.43,0.37,-0.18
2025-02-07,00:18:24:00,-0.0,-0.78,0.66,-0.12,0.43,-0.06
2025-02-07,00:18:24:00,-0.0,-0.78,0.66,-0.24,0.31,-0.18
2025-02-07,00:18:25:00,-0.0,-0.78,0.66,-0.31,0.37,-0.12
2025-02-07,00:18:25:00,-0.0,-0.78,0.66,-0.31,0.37,-0.12
2025-02-07,00:18:26:00,-0.0,-0.78,0.66,-0.31,0.43,-0.18
2025-02-07,00:18:26:00,-0.0,-0.78,0.66,-0.31,0.24,-0.31
2025-02-07,00:18:27:00,-0.0,-0.78,0.66,-0.24,0.37,-0.12
2025-02-07,00:18:27:00,-0.0,-0.78,0.66,0.12,0.37,-0.18
2025-02-07,00:18:28:00,-0.0,-0.78,0.66,-0.31,0.37,-0.12
2025-02-07,00:18:28:00,-0.0,-0.78,0.66,0.12,0.37,-0.06
2025-02-07,00:18:29:00,-0.0,-0.78,0.66,-0.61,0.49,-0.06
2025-02-07,00:18:29:00,-0.0,-0.78,0.66,-0.37,0.37,-0.18
2025-02-07,00:18:30:00,-0.0,-0.78,0.66,0.12,0.24,-0.24
2025-02-07,00:18:30:00,-0.0,-0.78,0.66,-0.37,0.37,-0.12
2025-02-07,00:18:31:00,-0.0,-0.78,0.66,-0.37,0.43,-0.06
2025-02-07,00:18:31:00,-0.0,-0.78,0.66,-0.06,0.31,-0.31
2025-02-07,00:18:32:00,-0.0,-0.78,0.66,-0.24,0.37,-0.18
2025-02-07,00:18:32:00,-0.0,-0.78,0.66,-0.06,0.24,-0.24
2025-02-07,00:18:33:00,-0.0,-0.78,0.66,0.0,0.31,-0.12
2025-02-07,00:18:33:00,-0.0,-0.78,0.66,0.31,0.24,-0.31
2025-02-07,00:18:34:00,-0.0,-0.78,0.66,-0.61,0.43,-0.06
2025-02-07,00:18:35:00,-0.0,-0.78,0.66,-0.37,0.31,-0.12
2025-02-07,00:18:35:00,-0.0,-0.78,0.66,0.43,0.18,-0.37
2025-02-07,00:18:36:00,-0.0,-0.78,0.66,0.18,0.37,-0.12
2025-02-07,00:18:36:00,-0.0,-0.78,0.66,-0.18,0.49,0.06
2025-02-07,00:18:37:00,-0.0,-0.78,0.66,-0.18,0.37,-0.12
2025-02-07,00:18:37:00,-0.0,-0.78,0.66,-0.24,0.43,-0.12
2025-02-07,00:18:38:00,-0.0,-0.78,0.66,-0.06,0.37,-0.18
2025-02-07,00:18:38:00,-0.0,-0.78,0.66,-0.79,0.49,-0.06
2025-02-07,00:18:39:00,-0.0,-0.78,0.67,-0.37,-0.18,-0.49
2025-02-07,00:18:39:00,-0.0,-0.78,0.66,-0.24,0.18,-0.37
2025-02-07,00:18:40:00,-0.0,-0.78,0.66,-0.73,0.31,-0.18
2025-02-07,00:18:40:00,-0.0,-0.78,0.66,-0.24,0.37,-0.12
2025-02-07,00:18:41:00,-0.0,-0.78,0.66,-0.31,0.43,-0.06
2025-02-07,00:18:41:00,-0.0,-0.78,0.66,0.12,0.18,-0.43
2025-02-07,00:18:42:00,-0.0,-0.78,0.66,0.0,0.31,-0.24
2025-02-07,00:18:42:00,-0.0,-0.78,0.66,-0.31,0.55,0.12
2025-02-07,00:18:43:00,-0.0,-0.78,0.66,-0.67,0.24,-0.31
2025-02-07,00:18:43:00,-0.0,-0.78,0.66,-0.06,0.31,-0.18
2025-02-07,00:18:44:00,-0.0,-0.78,0.66,-0.12,0.24,-0.24
2025-02-07,00:18:44:00,-0.0,-0.78,0.66,-0.18,0.43,-0.06
2025-02-07,00:18:45:00,-0.0,-0.78,0.66,-0.43,0.37,-0.18
2025-02-07,00:18:45:00,-0.0,-0.78,0.66,-0.31,0.31,-0.12
2025-02-07,00:18:46:00,-0.0,-0.78,0.66,0.0,0.37,-0.18
2025-02-07,00:18:46:00,-0.0,-0.78,0.66,-0.12,0.43,-0.06
2025-02-07,00:18:47:00,-0.0,-0.78,0.66,0.18,0.31,-0.18
2025-02-07,00:18:47:00,-0.0,-0.78,0.66,-0.37,0.37,-0.18
2025-02-07,00:18:48:00,-0.0,-0.78,0.66,-0.37,0.31,-0.18
2025-02-07,00:18:48:00,-0.01,-0.79,0.66,0.85,0.43,-0.67
2025-02-07,00:18:49:00,-0.0,-0.78,0.66,-0.18,0.43,-0.06
2025-02-07,00:18:49:00,-0.0,-0.78,0.66,-0.12,0.18,-0.37
2025-02-07,00:18:50:00,0.0,-0.78,0.67,-0.79,0.24,-0.24
2025-02-07,00:18:50:00,-0.0,-0.78,0.67,0.37,0.37,-0.06
2025-02-07,00:18:51:00,0.73,-0.01,-1.01,-281.62,398.13,130.68
2025-02-07,00:18:51:00,-0.04,0.29,1.68,-4.82,-153.93,5.25
2025-02-07,00:18:52:00,0.5,0.13,0.99,-44.43,-47.97,33.39
2025-02-07,00:18:52:00,-0.1,0.23,-0.83,72.27,55.97,21.36
2025-02-07,00:18:53:00,0.11,-1.36,0.37,-158.87,-2.81,-14.89
2025-02-07,00:18:53:00,-0.19,-0.19,-0.25,183.23,343.02,27.1
2025-02-07,00:18:54:00,0.71,-0.64,1.13,-15.08,-20.14,-29.3
2025-02-07,00:18:54:00,0.16,-0.56,0.82,-42.36,46.14,21.12
2025-02-07,00:18:55:00,0.07,-0.63,0.81,-0.73,0.55,-0.79
2025-02-07,00:18:55:00,0.07,-0.63,0.81,-0.79,0.73,-0.24
2025-02-07,00:18:56:00,0.06,-0.63,0.8,-0.12,1.59,-0.55
2025-02-07,00:18:56:00,0.05,-0.64,0.8,-0.12,0.67,-0.18
2025-02-07,00:18:57:00,0.06,-0.64,0.8,-0.98,1.04,-0.06
2025-02-07,00:18:57:00,0.05,-0.64,0.8,0.12,0.37,-0.37
2025-02-07,00:18:58:00,0.05,-0.64,0.8,2.38,1.1,0.92
2025-02-07,00:18:58:00,0.05,-0.64,0.8,0.43,0.61,0.24
2025-02-07,00:18:59:00,0.05,-0.64,0.8,-0.55,0.43,0.0
2025-02-07,00:18:59:00,0.05,-0.64,0.8,0.0,0.73,0.06
2025-02-07,00:19:00:00,0.05,-0.64,0.8,-1.22,0.49,-0.31
2025-02-07,00:19:00:00,0.05,-0.64,0.8,0.92,-1.1,-1.28
2025-02-07,00:19:01:00,0.05,-0.65,0.79,0.85,0.98,0.24
2025-02-07,00:19:01:00,0.05,-0.65,0.79,0.06,0.31,-0.12
2025-02-07,00:19:02:00,0.05,-0.64,0.79,-0.49,0.43,-0.18
2025-02-07,00:19:02:00,0.05,-0.64,0.8,-0.49,0.43,-0.24
2025-02-07,00:19:03:00,0.05,-0.64,0.8,0.49,0.73,0.18
2025-02-07,00:19:03:00,0.05,-0.64,0.8,-0.49,0.24,-0.24
2025-02-07,00:19:04:00,0.05,-0.64,0.8,-0.37,0.55,0.0
2025-02-07,00:19:04:00,0.05,-0.64,0.8,-0.12,0.24,-0.12
2025-02-07,00:19:05:00,0.05,-0.64,0.8,-0.06,0.18,-0.18
2025-02-07,00:19:05:00,0.05,-0.64,0.8,1.4,0.0,-0.73
2025-02-07,00:19:06:00,0.05,-0.65,0.79,-0.67,0.67,0.06
2025-02-07,00:19:06:00,0.05,-0.64,0.8,0.06,0.12,-0.06
2025-02-07,00:19:07:00,0.05,-0.64,0.79,-0.18,0.92,0.31
2025-02-07,00:19:07:00,0.05,-0.65,0.79,0.43,-0.18,0.06
2025-02-07,00:19:08:00,0.05,-0.65,0.79,1.4,-0.37,-0.18
2025-02-07,00:19:08:00,0.05,-0.66,0.82,-7.63,1.1,-0.55
2025-02-07,00:19:09:00,0.04,-0.64,0.79,-3.23,-0.43,-0.55
2025-02-07,00:19:09:00,0.05,-0.65,0.8,0.37,0.31,-0.92
2025-02-07,00:19:10:00,0.04,-0.64,0.79,0.0,-0.24,-0.43
2025-02-07,00:19:10:00,0.04,-0.64,0.8,1.59,-0.12,-0.18
2025-02-07,00:19:11:00,0.05,-0.64,0.79,-2.62,5.0,0.55
2025-02-07,00:19:11:00,0.05,-0.64,0.8,-4.58,0.79,-1.53
2025-02-07,00:19:12:00,0.05,-0.65,0.8,0.98,1.77,0.49
2025-02-07,00:19:12:00,0.05,-0.65,0.8,-1.04,-0.73,-0.92
2025-02-07,00:19:13:00,0.05,-0.64,0.8,-0.61,0.43,0.06
2025-02-07,00:19:13:00,0.04,-0.64,0.8,-0.55,0.18,-0.06
2025-02-07,00:19:14:00,0.05,-0.64,0.8,-0.24,0.43,-0.18
2025-02-07,00:19:14:00,0.04,-0.64,0.8,0.06,-0.55,-0.31
2025-02-07,00:19:15:00,0.05,-0.64,0.8,-0.18,0.49,-0.12
2025-02-07,00:19:15:00,0.05,-0.64,0.8,0.24,-0.24,-0.37
2025-02-07,00:19:16:00,0.04,-0.64,0.8,0.0,-0.12,-0.06
2025-02-07,00:19:16:00,0.04,-0.65,0.8,-0.18,-0.24,0.31
2025-02-07,00:19:17:00,0.05,-0.64,0.8,-0.49,-0.24,-0.49
2025-02-07,00:19:17:00,0.05,-0.64,0.8,0.12,0.12,-0.06
2025-02-07,00:19:18:00,0.04,-0.64,0.79,0.0,0.37,-0.37
2025-02-07,00:19:18:00,0.05,-0.64,0.8,-0.37,0.43,-0.18
2025-02-07,00:19:19:00,0.05,-0.64,0.8,-0.06,0.0,-0.24
2025-02-07,00:19:19:00,0.04,-0.64,0.8,0.0,0.55,-0.06
2025-02-07,00:19:20:00,0.05,-0.64,0.8,-0.18,0.18,-0.18
2025-02-07,00:19:20:00,0.04,-0.64,0.8,-0.31,0.31,-0.12
2025-02-07,00:19:21:00,0.05,-0.64,0.79,-0.55,0.55,-0.24
2025-02-07,00:19:21:00,0.04,-0.64,0.8,-0.18,0.49,-0.24
2025-02-07,00:19:22:00,0.05,-0.64,0.8,-0.18,0.37,-0.12
2025-02-07,00:19:22:00,0.04,-0.64,0.8,-0.18,0.43,-0.12
2025-02-07,00:19:23:00,0.04,-0.64,0.8,-0.18,0.31,-0.18
2025-02-07,00:19:23:00,0.05,-0.64,0.8,-0.12,0.24,-0.12
2025-02-07,00:19:24:00,0.04,-0.64,0.8,-0.18,0.31,-0.18
2025-02-07,00:19:24:00,0.05,-0.64,0.8,-0.31,0.37,-0.18
2025-02-07,00:19:25:00,0.04,-0.64,0.8,-0.24,0.37,-0.12
2025-02-07,00:19:25:00,0.05,-0.64,0.8,-0.18,0.43,-0.12
2025-02-07,00:19:26:00,0.04,-0.64,0.8,-0.18,0.37,-0.18
2025-02-07,00:19:26:00,0.04,-0.64,0.8,-0.31,0.37,-0.18
2025-02-07,00:19:27:00,0.04,-0.64,0.8,-0.18,0.24,-0.12
2025-02-07,00:19:27:00,0.04,-0.64,0.8,-0.18,0.0,0.0
2025-02-07,00:19:28:00,0.05,-0.64,0.8,-0.49,0.24,-0.06
2025-02-07,00:19:28:00,0.04,-0.64,0.8,-0.24,0.31,-0.18
2025-02-07,00:19:29:00,0.05,-0.65,0.79,-0.43,0.49,-0.12
2025-02-07,00:19:29:00,0.04,-0.64,0.8,-0.12,0.31,-0.18
2025-02-07,00:19:30:00,0.04,-0.64,0.79,-0.12,0.37,-0.18
2025-02-07,00:19:30:00,0.04,-0.64,0.79,-0.31,0.43,-0.18
2025-02-07,00:19:31:00,0.04,-0.64,0.79,-0.31,0.43,-0.18
2025-02-07,00:19:31:00,0.04,-0.64,0.79,-0.18,0.43,-0.12
2025-02-07,00:19:32:00,0.04,-0.64,0.79,-0.18,0.37,-0.18
2025-02-07,00:19:32:00,0.04,-0.64,0.8,-0.12,0.37,-0.24
2025-02-07,00:19:33:00,0.04,-0.64,0.79,-0.43,0.55,-0.24
2025-02-07,00:19:33:00,0.05,-0.64,0.8,-0.43,0.18,-0.37
2025-02-07,00:19:34:00,0.04,-0.64,0.8,-0.06,0.31,-0.12
2025-02-07,00:19:34:00,0.04,-0.64,0.8,-0.12,0.49,-0.06
2025-02-07,00:19:35:00,0.05,-0.64,0.8,-0.18,0.24,-0.24
2025-02-07,00:19:35:00,0.05,-0.64,0.8,-0.18,0.43,-0.12
2025-02-07,00:19:36:00,0.05,-0.64,0.8,-0.18,0.37,-0.18
2025-02-07,00:19:36:00,0.05,-0.64,0.8,-0.18,0.31,-0.12
2025-02-07,00:19:37:00,0.22,-0.02,-1.82,116.64,131.53,18.62
2025-02-07,00:19:38:00,0.21,-0.47,1.66,443.73,430.79,181.21
2025-02-07,00:19:38:00,0.59,-1.43,0.38,-251.89,-75.2,-156.56
2025-02-07,00:19:39:00,0.06,0.51,1.2,-178.41,16.85,-43.46
2025-02-07,00:19:39:00,0.11,-0.58,1.44,296.87,346.01,111.15
2025-02-07,00:19:40:00,0.06,-0.47,0.92,-187.87,-33.08,-32.04
2025-02-07,00:19:40:00,-0.1,-0.63,0.8,-2.44,-0.73,-4.76
2025-02-07,00:19:41:00,-0.11,-0.63,0.79,-1.1,1.04,-0.98
2025-02-07,00:19:41:00,-0.1,-0.64,0.79,-0.73,0.43,-0.98
2025-02-07,00:19:42:00,-0.09,-0.64,0.79,0.18,-0.61,-0.98
2025-02-07,00:19:42:00,-0.09,-0.64,0.79,-0.49,0.37,-0.49
2025-02-07,00:19:43:00,-0.09,-0.64,0.79,-0.37,0.24,-0.49
2025-02-07,00:19:43:00,-0.09,-0.64,0.79,-1.22,0.43,-0.12
2025-02-07,00:19:44:00,-0.09,-0.64,0.79,-0.18,0.12,-0.24
2025-02-07,00:19:44:00,-0.09,-0.64,0.79,-0.12,0.18,-0.24
2025-02-07,00:19:45:00,-0.09,-0.65,0.79,0.24,0.24,-0.37
2025-02-07,00:19:45:00,-0.08,-0.64,0.79,-0.12,0.37,-0.31
2025-02-07,00:19:46:00,-0.08,-0.65,0.79,-0.24,0.37,-0.18
2025-02-07,00:19:46:00,-0.08,-0.65,0.79,-0.85,0.55,0.06
2025-02-07,00:19:47:00,-0.08,-0.65,0.79,-0.31,0.31,-0.12
2025-02-07,00:19:47:00,-0.08,-0.64,0.79,-0.12,0.31,-0.24
2025-02-07,00:19:48:00,-0.08,-0.64,0.79,0.18,0.55,-0.49
2025-02-07,00:19:48:00,-0.08,-0.65,0.79,0.06,0.43,0.24
2025-02-07,00:19:49:00,-0.08,-0.64,0.79,-0.12,0.55,-0.06
2025-02-07,00:19:49:00,-0.08,-0.65,0.79,-0.55,1.59,0.0
2025-02-07,00:19:50:00,-0.08,-0.65,0.79,0.31,-0.49,-0.06
2025-02-07,00:19:50:00,-0.08,-0.65,0.79,-0.06,0.31,-0.31
2025-02-07,00:19:51:00,-0.08,-0.65,0.79,-0.49,0.67,-0.12
2025-02-07,00:19:51:00,-0.08,-0.65,0.79,-0.55,0.06,0.0
2025-02-07,00:19:52:00,-0.08,-0.65,0.79,-0.18,0.18,-0.24
2025-02-07,00:19:52:00,-0.08,-0.65,0.79,-0.06,0.24,-0.31
2025-02-07,00:19:53:00,-0.08,-0.65,0.79,-0.18,0.37,-0.12
2025-02-07,00:19:53:00,-0.08,-0.65,0.79,-0.18,0.31,-0.18
2025-02-07,00:19:54:00,-0.08,-0.65,0.79,-0.24,0.43,-0.18
2025-02-07,00:19:54:00,-0.08,-0.65,0.79,-0.31,0.43,-0.18
2025-02-07,00:19:55:00,-0.08,-0.65,0.79,-0.24,0.37,-0.12
2025-02-07,00:19:55:00,-0.08,-0.65,0.79,-0.18,0.37,-0.18
2025-02-07,00:19:56:00,-0.08,-0.65,0.79,-0.12,0.37,-0.18
2025-02-07,00:19:56:00,-0.07,-0.65,0.79,-0.18,0.31,-0.18
2025-02-07,00:19:57:00,-0.07,-0.65,0.79,-0.18,0.31,-0.18
2025-02-07,00:19:57:00,-0.08,-0.65,0.79,-0.24,0.31,-0.12
2025-02-07,00:19:58:00,-0.08,-0.65,0.79,-0.31,0.43,0.0
2025-02-07,00:19:58:00,-0.07,-0.65,0.79,-0.55,0.24,0.0
2025-02-07,00:19:59:00,-0.08,-0.65,0.79,-0.37,0.31,-0.06
2025-02-07,00:19:59:00,-0.07,-0.64,0.79,0.49,-0.73,0.37
2025-02-07,00:20:00:00,-0.07,-0.65,0.79,0.24,-0.18,-0.61
2025-02-07,00:20:00:00,-0.07,-0.64,0.79,1.04,0.06,-0.31
2025-02-07,00:20:01:00,-0.07,-0.65,0.79,0.43,0.43,-0.24
2025-02-07,00:20:01:00,-0.07,-0.65,0.79,-0.79,-0.24,-0.18
2025-02-07,00:20:02:00,-0.08,-0.65,0.79,-0.37,0.12,-0.73
2025-02-07,00:20:02:00,-0.08,-0.65,0.79,0.73,-0.12,-0.31
2025-02-07,00:20:03:00,-0.08,-0.65,0.78,-0.18,0.24,-0.24
2025-02-07,00:20:03:00,-0.08,-0.65,0.79,-0.18,-0.06,0.06
2025-02-07,00:20:04:00,-0.07,-0.65,0.79,-0.18,0.24,-0.24
2025-02-07,00:20:04:00,-0.07,-0.65,0.79,0.0,0.31,-0.18
2025-02-07,00:20:05:00,-0.07,-0.65,0.79,-0.31,0.31,-0.18
2025-02-07,00:20:05:00,-0.07,-0.65,0.79,-0.06,0.31,-0.12
2025-02-07,00:20:06:00,-0.07,-0.65,0.79,-0.24,0.31,-0.18
2025-02-07,00:20:06:00,-0.07,-0.65,0.79,-0.37,0.37,-0.24
2025-02-07,00:20:07:00,-0.07,-0.65,0.79,-0.31,0.37,-0.12
2025-02-07,00:20:07:00,-0.07,-0.65,0.79,-0.24,0.43,-0.12
2025-02-07,00:20:08:00,-0.07,-0.65,0.79,-0.24,0.37,-0.12
2025-02-07,00:20:08:00,-0.07,-0.65,0.79,-0.18,0.31,-0.06
2025-02-07,00:20:09:00,-0.07,-0.65,0.79,-0.31,0.37,-0.18
2025-02-07,00:20:09:00,-0.07,-0.65,0.79,-0.18,0.31,-0.24
2025-02-07,00:20:10:00,-0.07,-0.65,0.79,-0.24,0.31,-0.18
2025-02-07,00:20:10:00,-0.07,-0.65,0.79,-0.24,0.24,-0.18
2025-02-07,00:20:11:00,-0.07,-0.65,0.79,-0.18,0.31,-0.12
2025-02-07,00:20:11:00,-0.07,-0.65,0.79,-0.18,0.31,-0.18
2025-02-07,00:20:12:00,-0.07,-0.65,0.79,-0.24,0.37,-0.12
2025-02-07,00:20:12:00,-0.07,-0.65,0.79,-0.18,0.31,-0.12
2025-02-07,00:20:13:00,-0.07,-0.65,0.79,-0.18,0.37,-0.18
2025-02-07,00:20:13:00,-0.07,-0.65,0.79,-0.18,0.31,-0.18
2025-02-07,00:20:14:00,-0.07,-0.65,0.79,-0.12,0.37,-0.12
2025-02-07,00:20:14:00,-0.07,-0.65,0.79,0.0,0.31,-0.18
2025-02-07,00:20:15:00,-0.07,-0.65,0.79,0.79,-0.37,0.06
2025-02-07,00:20:15:00,-0.07,-0.65,0.79,0.06,0.55,-0.18
2025-02-07,00:20:16:00,-0.07,-0.65,0.79,-0.73,0.37,-0.18
2025-02-07,00:20:16:00,-0.07,-0.65,0.79,-0.31,0.61,0.12
2025-02-07,00:20:17:00,-0.07,-0.65,0.79,-0.31,0.31,-0.12
2025-02-07,00:20:17:00,-0.07,-0.65,0.79,0.0,0.49,0.0
2025-02-07,00:20:18:00,-0.07,-0.65,0.79,0.06,0.12,-0.06
2025-02-07,00:20:18:00,-0.07,-0.65,0.79,-0.24,0.37,-0.18
2025-02-07,00:20:19:00,-0.07,-0.65,0.79,-0.24,0.37,-0.06
2025-02-07,00:20:19:00,-0.07,-0.65,0.79,-0.18,0.37,-0.12
2025-02-07,00:20:20:00,-0.07,-0.65,0.79,-0.18,0.31,-0.18
2025-02-07,00:20:20:00,-0.07,-0.65,0.79,-0.24,0.31,-0.18
2025-02-07,00:20:21:00,-0.07,-0.65,0.79,-0.18,0.37,-0.12
2025-02-07,00:20:21:00,-0.07,-0.65,0.79,-0.24,0.37,-0.18
2025-02-07,00:20:22:00,-0.07,-0.65,0.79,-0.18,0.37,-0.18
2025-02-07,00:20:22:00,-0.07,-0.65,0.79,-0.31,0.31,-0.18
2025-02-07,00:20:23:00,-0.07,-0.65,0.79,-0.12,0.31,-0.18
2025-02-07,00:20:23:00,-0.07,-0.65,0.79,-0.24,0.37,-0.12
2025-02-07,00:20:24:00,-0.07,-0.65,0.79,-0.24,0.31,-0.12
2025-02-07,00:20:24:00,-0.07,-0.65,0.79,-0.79,0.37,-0.18
2025-02-07,00:20:25:00,-0.07,-0.64,0.8,0.43,-1.71,-0.43
2025-02-07,00:20:25:00,-0.22,-0.67,0.76,20.26,-56.15,-17.21
2025-02-07,00:20:26:00,-0.17,-0.68,0.74,-2.69,5.98,2.87
2025-02-07,00:20:26:00,-0.17,-0.68,0.74,-0.55,0.98,0.24
2025-02-07,00:20:27:00,-0.17,-0.68,0.74,0.06,0.18,-0.31
2025-02-07,00:20:27:00,-0.14,-0.55,0.85,27.22,-52.25,-15.32
2025-02-07,00:20:28:00,-0.38,0.78,-1.13,19.29,-510.62,79.22
2025-02-07,00:20:28:00,-0.29,0.37,-0.63,-15.93,-49.5,-30.94
2025-02-07,00:20:29:00,0.11,-0.52,0.8,149.78,-86.79,83.37
2025-02-07,00:20:29:00,-0.01,-0.74,0.83,27.1,38.76,-23.68
2025-02-07,00:20:30:00,0.03,-0.61,0.82,-0.55,1.34,-1.59
2025-02-07,00:20:30:00,0.02,-0.62,0.81,-0.06,0.24,-0.49
2025-02-07,00:20:31:00,0.02,-0.62,0.82,-0.79,0.55,-0.31
2025-02-07,00:20:31:00,0.03,-0.62,0.82,-0.37,0.43,-0.37
2025-02-07,00:20:32:00,0.03,-0.62,0.82,-0.24,0.43,-0.31
2025-02-07,00:20:32:00,0.03,-0.62,0.82,-0.43,0.49,-0.31
2025-02-07,00:20:33:00,0.03,-0.62,0.82,-0.31,0.43,-0.24
2025-02-07,00:20:33:00,0.03,-0.62,0.82,-0.18,0.37,-0.31
2025-02-07,00:20:34:00,0.03,-0.62,0.82,-0.18,0.37,-0.18
2025-02-07,00:20:34:00,0.03,-0.62,0.82,-0.18,0.37,-0.18
2025-02-07,00:20:35:00,0.03,-0.62,0.82,-0.24,0.37,-0.18
2025-02-07,00:20:35:00,0.03,-0.62,0.82,-0.85,0.49,-0.12
2025-02-07,00:20:36:00,0.03,-0.62,0.81,-0.43,0.37,-0.18
2025-02-07,00:20:36:00,0.03,-0.62,0.81,0.0,0.31,-0.24
2025-02-07,00:20:37:00,0.03,-0.62,0.82,-0.55,0.43,-0.24
2025-02-07,00:20:37:00,0.03,-0.62,0.82,-0.24,0.37,-0.12
2025-02-07,00:20:38:00,0.03,-0.62,0.82,-0.55,0.43,0.06
2025-02-07,00:20:38:00,0.03,-0.62,0.81,-0.67,0.37,-0.06
2025-02-07,00:20:39:00,0.03,-0.62,0.82,-0.37,0.37,-0.18
2025-02-07,00:20:39:00,0.02,-0.64,0.81,-0.24,-0.12,0.0
2025-02-07,00:20:40:00,0.03,-0.63,0.81,-1.1,0.31,-0.06
2025-02-07,00:20:41:00,0.03,-0.62,0.82,-1.1,0.61,-0.61
2025-02-07,00:20:41:00,0.03,-0.62,0.81,0.73,0.24,-0.18
2025-02-07,00:20:42:00,0.03,-0.62,0.81,-0.61,0.37,-0.18
2025-02-07,00:20:42:00,0.03,-0.62,0.81,0.18,0.31,-0.37
2025-02-07,00:20:43:00,0.03,-0.62,0.81,-0.55,0.43,-0.18
2025-02-07,00:20:43:00,0.03,-0.62,0.81,-0.31,0.43,-0.18
2025-02-07,00:20:44:00,0.02,-0.62,0.81,0.06,0.31,0.0
2025-02-07,00:20:44:00,0.03,-0.62,0.81,-0.37,0.37,-0.18
2025-02-07,00:20:45:00,0.03,-0.62,0.81,-0.31,0.43,-0.12
2025-02-07,00:20:45:00,0.03,-0.62,0.81,0.12,0.37,-0.06
2025-02-07,00:20:46:00,0.03,-0.62,0.81,-0.24,0.37,-0.12
2025-02-07,00:20:46:00,0.03,-0.62,0.81,-0.24,0.31,-0.12
2025-02-07,00:20:47:00,0.03,-0.62,0.81,-0.24,0.37,-0.18
2025-02-07,00:20:47:00,0.03,-0.62,0.81,-0.24,0.37,-0.18
2025-02-07,00:20:48:00,0.03,-0.62,0.81,-0.24,0.37,-0.18
2025-02-07,00:20:48:00,0.03,-0.62,0.81,-0.06,0.37,-0.18
2025-02-07,00:20:49:00,0.03,-0.62,0.81,-0.31,0.37,-0.18
2025-02-07,00:20:49:00,0.03,-0.62,0.81,-0.18,0.31,-0.18
2025-02-07,00:20:50:00,0.03,-0.62,0.81,-0.49,0.31,-0.18
2025-02-07,00:20:50:00,0.03,-0.62,0.81,0.0,0.31,-0.18
2025-02-07,00:20:51:00,0.03,-0.62,0.81,-0.37,0.37,-0.18
2025-02-07,00:20:51:00,0.03,-0.62,0.81,-0.18,0.37,-0.18
2025-02-07,00:20:52:00,0.03,-0.62,0.81,-0.18,0.31,-0.18
2025-02-07,00:20:52:00,0.03,-0.62,0.81,-0.18,0.37,-0.18
2025-02-07,00:20:53:00,0.03,-0.62,0.81,-0.12,0.31,-0.18
2025-02-07,00:20:53:00,0.03,-0.62,0.81,-0.24,0.37,-0.12
2025-02-07,00:20:54:00,0.03,-0.62,0.81,-0.31,0.37,-0.18
2025-02-07,00:20:54:00,0.03,-0.62,0.81,-0.24,0.31,-0.18
2025-02-07,00:20:55:00,0.03,-0.62,0.81,-0.18,0.31,-0.18
2025-02-07,00:20:55:00,0.03,-0.62,0.81,-0.18,0.31,-0.18
2025-02-07,00:20:56:00,0.03,-0.62,0.81,-0.06,0.37,-0.12
2025-02-07,00:20:56:00,0.03,-0.62,0.81,-0.24,0.37,-0.12
2025-02-07,00:20:57:00,0.03,-0.62,0.81,-0.31,0.31,-0.18
2025-02-07,00:20:57:00,0.03,-0.62,0.81,-0.24,0.37,-0.18
2025-02-07,00:20:58:00,0.03,-0.62,0.81,-0.24,0.37,-0.18
2025-02-07,00:20:58:00,0.03,-0.62,0.81,-0.18,0.37,-0.18
2025-02-07,00:20:59:00,0.03,-0.62,0.81,-0.24,0.37,-0.18
2025-02-07,00:20:59:00,0.03,-0.62,0.81,-0.06,0.31,-0.18
2025-02-07,00:21:00:00,0.03,-0.62,0.81,-0.24,0.37,-0.12
2025-02-07,00:21:00:00,0.03,-0.62,0.81,-0.24,0.37,-0.18
2025-02-07,00:21:01:00,0.03,-0.62,0.81,-0.24,0.31,-0.18
2025-02-07,00:21:01:00,0.03,-0.62,0.81,-0.24,0.37,-0.18
2025-02-07,00:21:02:00,0.03,-0.62,0.81,-0.24,0.37,-0.18
2025-02-07,00:21:02:00,0.03,-0.62,0.81,-0.06,0.31,-0.18
2025-02-07,00:21:03:00,0.03,-0.62,0.81,-0.18,0.37,-0.18
2025-02-07,00:21:03:00,0.03,-0.62,0.81,-0.24,0.31,-0.12
2025-02-07,00:21:04:00,0.03,-0.62,0.81,-0.06,0.37,-0.18
2025-02-07,00:21:04:00,0.03,-0.62,0.81,-0.18,0.37,-0.18
2025-02-07,00:21:05:00,0.03,-0.62,0.81,-0.31,0.31,-0.24
2025-02-07,00:21:05:00,0.03,-0.62,0.81,-0.12,0.37,-0.12
2025-02-07,00:21:06:00,0.03,-0.62,0.81,-0.18,0.37,-0.18
2025-02-07,00:21:06:00,0.03,-0.62,0.81,-0.06,0.31,-0.12
2025-02-07,00:21:07:00,0.03,-0.62,0.81,-0.31,0.37,-0.18
2025-02-07,00:21:07:00,0.03,-0.62,0.81,-0.18,0.37,-0.18
2025-02-07,00:21:08:00,0.03,-0.62,0.81,-0.31,0.37,-0.18
2025-02-07,00:21:08:00,0.03,-0.62,0.81,-0.31,0.37,-0.12
2025-02-07,00:21:09:00,0.03,-0.62,0.81,-0.12,0.31,-0.18
2025-02-07,00:21:09:00,0.03,-0.62,0.81,-0.06,0.37,-0.18
2025-02-07,00:21:10:00,0.03,-0.62,0.81,-0.43,0.37,-0.18
2025-02-07,00:21:10:00,0.03,-0.62,0.81,-0.37,0.37,-0.12
2025-02-07,00:21:11:00,0.03,-0.62,0.81,0.49,0.24,-0.31
2025-02-07,00:21:11:00,0.02,-0.59,0.81,0.31,0.24,-0.31
2025-02-07,00:21:12:00,0.03,-0.62,0.81,-0.55,0.37,-0.18
2025-02-07,00:21:12:00,0.03,-0.62,0.81,-0.24,0.37,-0.18
2025-02-07,00:21:13:00,0.03,-0.62,0.81,-0.31,0.37,-0.24
2025-02-07,00:21:13:00,0.03,-0.62,0.81,-0.18,0.37,-0.12
2025-02-07,00:21:14:00,0.03,-0.62,0.81,-0.18,0.43,-0.18
2025-02-07,00:21:14:00,0.03,-0.62,0.81,-0.55,0.37,-0.06
2025-02-07,00:21:15:00,0.03,-0.62,0.81,-0.55,0.37,-0.18
2025-02-07,00:21:15:00,0.03,-0.62,0.81,-0.43,0.31,-0.24
2025-02-07,00:21:16:00,0.03,-0.62,0.81,-0.18,0.37,-0.18
2025-02-07,00:21:16:00,0.03,-0.62,0.81,-0.18,0.37,-0.18
2025-02-07,00:21:17:00,0.03,-0.62,0.81,-0.18,0.31,-0.18
2025-02-07,00:21:17:00,0.03,-0.62,0.81,0.0,0.31,-0.24
2025-02-07,00:21:18:00,0.03,-0.62,0.81,-0.37,0.31,-0.24
2025-02-07,00:21:18:00,0.03,-0.62,0.81,-0.24,0.37,-0.18
2025-02-07,00:21:19:00,0.03,-0.62,0.81,-0.12,0.31,-0.18
2025-02-07,00:21:19:00,0.03,-0.62,0.81,-2.01,0.67,0.06
2025-02-07,00:21:20:00,0.02,-0.62,0.81,-0.31,0.43,0.06
2025-02-07,00:21:20:00,0.03,-0.62,0.81,-0.12,0.37,-0.24
2025-02-07,00:21:21:00,0.03,-0.62,0.81,0.24,0.37,-0.12
2025-02-07,00:21:21:00,0.03,-0.62,0.81,-0.37,0.37,-0.12
2025-02-07,00:21:22:00,0.03,-0.62,0.81,-0.61,0.43,-0.18
2025-02-07,00:21:22:00,0.03,-0.62,0.81,-0.18,0.37,-0.18
2025-02-07,00:21:23:00,0.03,-0.62,0.81,-0.18,0.37,-0.24
2025-02-07,00:21:23:00,0.03,-0.62,0.81,-0.37,0.37,-0.18
2025-02-07,00:21:24:00,0.03,-0.62,0.81,-0.49,0.37,-0.12
2025-02-07,00:21:24:00,0.03,-0.62,0.81,-0.37,0.37,-0.18
2025-02-07,00:21:25:00,0.03,-0.62,0.81,-0.12,0.37,-0.18
2025-02-07,00:21:25:00,0.03,-0.62,0.81,-0.18,0.37,-0.12
2025-02-07,00:21:26:00,0.03,-0.62,0.81,-0.24,0.37,-0.18
2025-02-07,00:21:26:00,0.03,-0.62,0.81,-0.24,0.31,-0.24
2025-02-07,00:21:27:00,0.03,-0.62,0.81,-0.18,0.37,-0.18
2025-02-07,00:21:27:00,0.03,-0.62,0.81,-0.12,0.31,-0.18
2025-02-07,00:21:28:00,0.03,-0.62,0.81,-0.18,0.31,-0.18
2025-02-07,00:21:28:00,0.03,-0.62,0.81,-0.06,0.31,-0.18
2025-02-07,00:21:29:00,0.03,-0.62,0.81,-0.18,0.37,-0.18
2025-02-07,00:21:29:00,0.03,-0.62,0.81,-0.24,0.37,-0.12
2025-02-07,00:21:30:00,0.03,-0.62,0.81,-0.24,0.37,-0.18
2025-02-07,00:21:30:00,0.03,-0.62,0.81,-0.18,0.31,-0.12
2025-02-07,00:21:31:00,0.03,-0.62,0.81,-0.18,0.37,-0.18
2025-02-07,00:21:31:00,0.03,-0.62,0.81,-0.31,0.37,-0.12
2025-02-07,00:21:32:00,0.03,-0.62,0.81,-0.24,0.37,-0.12
2025-02-07,00:21:32:00,0.03,-0.62,0.81,-0.49,0.31,-0.31
2025-02-07,00:21:33:00,0.03,-0.62,0.81,0.12,0.31,-0.31
2025-02-07,00:21:33:00,0.03,-0.62,0.81,-0.67,0.37,-0.06
2025-02-07,00:21:34:00,0.03,-0.64,0.8,0.61,0.37,-0.18
2025-02-07,00:21:34:00,0.07,-0.76,-1.61,195.8,251.16,2.99
2025-02-07,00:21:35:00,0.19,-0.6,1.71,357.48,195.19,128.05
2025-02-07,00:21:35:00,0.6,1.04,-0.89,-632.2,-86.18,-401.98
2025-02-07,00:21:36:00,1.11,-1.76,0.92,478.21,536.8,404.42
2025-02-07,00:21:36:00,-0.23,-0.59,-0.15,62.93,-105.71,13.49
2025-02-07,00:21:37:00,-0.05,-0.72,0.74,-3.05,-5.07,-11.35
2025-02-07,00:21:37:00,-0.05,-0.72,0.73,-0.12,-0.12,-1.34
2025-02-07,00:21:38:00,-0.03,-0.72,0.73,-0.06,-0.24,-1.16
2025-02-07,00:21:38:00,-0.02,-0.71,0.73,-0.24,-0.06,-0.98
2025-02-07,00:21:39:00,-0.02,-0.72,0.73,-0.12,0.06,-0.67
2025-02-07,00:21:39:00,-0.01,-0.72,0.73,1.46,-0.18,-0.12
2025-02-07,00:21:40:00,-0.01,-0.72,0.73,-1.1,-0.43,-0.18
2025-02-07,00:21:40:00,-0.01,-0.72,0.73,-0.43,0.18,-0.31
2025-02-07,00:21:41:00,-0.0,-0.72,0.73,1.4,1.28,0.49
2025-02-07,00:21:41:00,-0.0,-0.72,0.73,-0.37,-0.12,0.0
2025-02-07,00:21:42:00,-0.0,-0.72,0.73,-0.79,0.24,-0.18
2025-02-07,00:21:42:00,-0.0,-0.72,0.73,-0.31,0.31,-0.18
2025-02-07,00:21:43:00,-0.0,-0.72,0.73,-0.18,0.37,-0.24
2025-02-07,00:21:44:00,-0.0,-0.72,0.73,-0.12,0.31,-0.12
2025-02-07,00:21:44:00,-0.0,-0.72,0.73,-0.43,0.31,-0.24
2025-02-07,00:21:45:00,-0.0,-0.72,0.73,-0.24,0.31,-0.18
2025-02-07,00:21:45:00,0.0,-0.72,0.73,-0.31,0.37,-0.18
2025-02-07,00:21:46:00,0.0,-0.72,0.73,-0.31,0.37,-0.18
2025-02-07,00:21:46:00,0.0,-0.72,0.73,-0.12,0.31,-0.18
2025-02-07,00:21:47:00,0.0,-0.72,0.73,-0.37,0.37,-0.24
2025-02-07,00:21:47:00,0.0,-0.72,0.73,-0.31,0.31,-0.24
2025-02-07,00:21:48:00,0.0,-0.72,0.73,-0.18,0.37,-0.18
2025-02-07,00:21:48:00,0.0,-0.72,0.73,-0.37,0.37,-0.18
2025-02-07,00:21:49:00,0.0,-0.72,0.73,-0.24,0.31,-0.18
2025-02-07,00:21:49:00,0.0,-0.72,0.73,-0.31,0.31,-0.18
2025-02-07,00:21:50:00,0.0,-0.72,0.73,-0.06,0.24,-0.18
2025-02-07,00:21:50:00,0.0,-0.72,0.73,-0.06,0.37,-0.12
2025-02-07,00:21:51:00,0.0,-0.72,0.73,-0.37,0.37,-0.18
2025-02-07,00:21:51:00,0.0,-0.72,0.73,-0.24,0.31,-0.24
2025-02-07,00:21:52:00,0.0,-0.72,0.73,-0.12,0.37,-0.18
2025-02-07,00:21:52:00,0.0,-0.72,0.73,-0.43,0.43,-0.12
2025-02-07,00:21:53:00,0.0,-0.71,0.73,-0.18,0.37,-0.06
2025-02-07,00:21:53:00,0.0,-0.71,0.73,-0.43,0.43,-0.12
2025-02-07,00:21:54:00,0.0,-0.72,0.73,-0.61,0.31,-0.31
2025-02-07,00:21:54:00,0.0,-0.72,0.73,-0.18,0.55,0.06
2025-02-07,00:21:55:00,0.0,-0.72,0.73,-0.61,0.37,-0.12
2025-02-07,00:21:55:00,0.0,-0.72,0.73,-0.37,0.31,-0.18
2025-02-07,00:21:56:00,0.0,-0.72,0.73,-0.37,0.43,-0.06
2025-02-07,00:21:56:00,-0.02,-0.69,0.72,-1.4,-3.48,-3.78
2025-02-07,00:21:57:00,1.07,0.39,-1.92,-164.92,-558.35,-181.52
2025-02-07,00:21:57:00,0.06,0.26,-1.26,-92.59,-5.98,-0.79
2025-02-07,00:21:58:00,-0.25,-0.46,-0.59,184.57,285.89,68.66
2025-02-07,00:21:58:00,-0.02,-0.23,1.09,-63.05,-56.88,-37.72
2025-02-07,00:21:59:00,0.06,-0.61,0.82,-3.3,3.3,-0.67
2025-02-07,00:21:59:00,0.05,-0.61,0.82,-0.31,0.67,-0.55
2025-02-07,00:22:00:00,0.05,-0.61,0.82,-0.37,0.18,-0.55
2025-02-07,00:22:00:00,0.05,-0.61,0.82,-0.06,0.31,-0.49
2025-02-07,00:22:01:00,0.05,-0.61,0.82,0.06,0.31,-0.37
2025-02-07,00:22:01:00,0.05,-0.61,0.82,-0.31,0.43,-0.31
2025-02-07,00:22:02:00,0.05,-0.61,0.82,-0.18,0.37,-0.31
2025-02-07,00:22:02:00,0.05,-0.61,0.82,-0.12,0.31,-0.24
2025-02-07,00:22:03:00,0.06,-0.61,0.82,-0.24,0.37,-0.24
2025-02-07,00:22:03:00,0.06,-0.61,0.82,-0.24,0.43,-0.24
2025-02-07,00:22:04:00,0.06,-0.61,0.82,-0.31,0.37,-0.18
2025-02-07,00:22:04:00,0.06,-0.61,0.82,-0.18,0.31,-0.18
2025-02-07,00:22:05:00,0.06,-0.61,0.82,-0.12,0.43,-0.18
2025-02-07,00:22:05:00,0.06,-0.61,0.82,-0.31,0.37,-0.18
2025-02-07,00:22:06:00,0.06,-0.61,0.82,-0.18,0.31,-0.18
2025-02-07,00:22:06:00,0.06,-0.61,0.82,-0.18,0.31,-0.18
2025-02-07,00:22:07:00,0.06,-0.61,0.82,-0.31,0.24,-0.24
2025-02-07,00:22:07:00,0.06,-0.61,0.82,-0.31,0.31,-0.12
2025-02-07,00:22:08:00,0.06,-0.61,0.82,-0.31,0.37,-0.18
2025-02-07,00:22:08:00,0.06,-0.61,0.82,-0.43,0.31,-0.18
2025-02-07,00:22:09:00,0.06,-0.61,0.82,-0.24,0.37,-0.12
2025-02-07,00:22:09:00,0.06,-0.61,0.82,-0.37,0.37,-0.18
2025-02-07,00:22:10:00,0.06,-0.61,0.82,-0.24,0.31,-0.18
2025-02-07,00:22:10:00,0.06,-0.61,0.82,-0.18,0.37,-0.18
2025-02-07,00:22:11:00,0.06,-0.61,0.82,-0.31,0.37,-0.24
2025-02-07,00:22:11:00,0.06,-0.61,0.82,-0.18,0.37,-0.24
2025-02-07,00:22:12:00,0.06,-0.61,0.82,-0.24,0.43,-0.24
2025-02-07,00:22:12:00,0.06,-0.61,0.82,-0.18,0.37,-0.18
2025-02-07,00:22:13:00,0.06,-0.61,0.82,-0.18,0.31,-0.12
2025-02-07,00:22:13:00,0.06,-0.61,0.82,-0.24,0.37,-0.18
2025-02-07,00:22:14:00,0.06,-0.61,0.82,-0.12,0.31,-0.12
2025-02-07,00:22:14:00,0.06,-0.61,0.82,-0.06,0.49,0.0
2025-02-07,00:22:15:00,0.06,-0.61,0.82,0.12,0.12,-0.12
2025-02-07,00:22:15:00,0.06,-0.61,0.82,-0.06,0.0,-0.31
2025-02-07,00:22:16:00,0.06,-0.61,0.82,-0.18,0.12,-0.12
2025-02-07,00:22:16:00,0.06,-0.61,0.82,-0.43,0.24,-0.24
2025-02-07,00:22:17:00,0.06,-0.61,0.82,-0.18,0.31,-0.18
2025-02-07,00:22:17:00,0.06,-0.61,0.82,-0.06,0.31,-0.18
2025-02-07,00:22:18:00,0.06,-0.61,0.82,-0.24,0.31,-0.12
2025-02-07,00:22:18:00,0.06,-0.61,0.82,-0.18,0.31,-0.18
2025-02-07,00:22:19:00,0.06,-0.61,0.82,-0.43,0.31,-0.24
2025-02-07,00:22:19:00,0.06,-0.61,0.82,-0.24,0.31,-0.12
2025-02-07,00:22:20:00,0.06,-0.61,0.82,-0.31,0.37,-0.12
2025-02-07,00:22:20:00,0.06,-0.61,0.82,-0.06,0.31,-0.12
2025-02-07,00:22:21:00,0.06,-0.61,0.82,-0.24,0.43,-0.18
2025-02-07,00:22:21:00,0.06,-0.61,0.82,-0.43,0.55,-0.06
2025-02-07,00:22:22:00,0.06,-0.61,0.82,-0.12,0.49,-0.24
2025-02-07,00:22:22:00,0.53,-0.67,2.67,127.32,334.23,257.63
2025-02-07,00:22:23:00,-0.24,-1.32,1.3,131.96,-18.01,-61.52
2025-02-07,00:22:23:00,0.09,-0.54,0.87,-0.67,0.73,-0.79
2025-02-07,00:22:24:00,0.09,-0.54,0.87,-0.12,0.37,-0.12
2025-02-07,00:22:24:00,0.09,-0.54,0.87,0.0,0.37,-0.18
2025-02-07,00:22:25:00,0.09,-0.54,0.87,-0.55,0.43,-0.18
2025-02-07,00:22:25:00,0.09,-0.54,0.87,-0.06,0.37,-0.18
2025-02-07,00:22:26:00,0.09,-0.54,0.87,-0.24,0.43,-0.18
2025-02-07,00:22:26:00,0.09,-0.54,0.87,0.55,0.37,-0.18
2025-02-07,00:22:27:00,0.09,-0.54,0.87,-0.31,0.37,-0.18
2025-02-07,00:22:27:00,0.09,-0.54,0.87,-0.61,0.37,-0.12
2025-02-07,00:22:28:00,0.09,-0.53,0.87,0.06,0.37,-0.18
2025-02-07,00:22:28:00,0.09,-0.54,0.87,-0.73,0.37,-0.18
